"","ID","Description","GeneRatio","BgRatio","pvalue","p.adjust","qvalue","geneID","Count"
"GO:0006413","GO:0006413","translational initiation","37/563","183/17913",8.30494032422574e-20,3.54704001247681e-16,2.98540749549799e-16,"ATF4/DDX3X/EIF1/EIF2A/EIF4A1/EIF4A2/EIF4E/EIF5/MTIF3/PPP1R15A/PPP1R15B/RBM4/RPL11/RPL13/RPL14/RPL17/RPL18/RPL18A/RPL19/RPL24/RPL26/RPL3/RPL41/RPL5/RPL8/RPL9/RPLP0/RPLP2/RPS10/RPS12/RPS13/RPS14/RPS2/RPS27A/RPS3/TNF/UBA52",37
"GO:0070972","GO:0070972","protein localization to endoplasmic reticulum","30/563","128/17913",3.39124447199016e-18,7.24200256993499e-15,6.09531572202442e-15,"GBF1/GPAA1/HSPA5/INSIG1/PPP1R15A/RPL11/RPL13/RPL14/RPL17/RPL18/RPL18A/RPL19/RPL24/RPL26/RPL3/RPL41/RPL5/RPL8/RPL9/RPLP0/RPLP2/RPS10/RPS12/RPS13/RPS14/RPS2/RPS27A/RPS3/RTN4/UBA52",30
"GO:0006402","GO:0006402","mRNA catabolic process","44/563","338/17913",1.08025021430281e-15,1.53791622176243e-12,1.29440508134881e-12,"BTG2/CIRBP/CNOT7/DDX5/HNRNPA0/HNRNPC/HNRNPU/HSPA1A/HSPA1B/HSPA8/MAGOHB/MLH1/RBM8A/RNH1/RPL11/RPL13/RPL14/RPL17/RPL18/RPL18A/RPL19/RPL24/RPL26/RPL3/RPL41/RPL5/RPL8/RPL9/RPLP0/RPLP2/RPS10/RPS12/RPS13/RPS14/RPS2/RPS27A/RPS3/TBRG4/TOB1/UBA52/UBB/UBC/ZFP36/ZFP36L1",44
"GO:0000956","GO:0000956","nuclear-transcribed mRNA catabolic process","33/563","197/17913",2.95680283163615e-15,2.16544955920142e-12,1.82257581601076e-12,"BTG2/CNOT7/DDX5/MAGOHB/MLH1/RBM8A/RPL11/RPL13/RPL14/RPL17/RPL18/RPL18A/RPL19/RPL24/RPL26/RPL3/RPL41/RPL5/RPL8/RPL9/RPLP0/RPLP2/RPS10/RPS12/RPS13/RPS14/RPS2/RPS27A/RPS3/TOB1/UBA52/ZFP36/ZFP36L1",33
"GO:0000184","GO:0000184","nuclear-transcribed mRNA catabolic process, nonsense-mediated decay","26/563","118/17913",3.03221245924832e-15,2.16544955920142e-12,1.82257581601076e-12,"MAGOHB/RBM8A/RPL11/RPL13/RPL14/RPL17/RPL18/RPL18A/RPL19/RPL24/RPL26/RPL3/RPL41/RPL5/RPL8/RPL9/RPLP0/RPLP2/RPS10/RPS12/RPS13/RPS14/RPS2/RPS27A/RPS3/UBA52",26
"GO:0045047","GO:0045047","protein targeting to ER","25/563","108/17913",3.04207383638691e-15,2.16544955920142e-12,1.82257581601076e-12,"HSPA5/RPL11/RPL13/RPL14/RPL17/RPL18/RPL18A/RPL19/RPL24/RPL26/RPL3/RPL41/RPL5/RPL8/RPL9/RPLP0/RPLP2/RPS10/RPS12/RPS13/RPS14/RPS2/RPS27A/RPS3/UBA52",25
"GO:0006401","GO:0006401","RNA catabolic process","45/563","368/17913",5.30955409638631e-15,3.11116741888457e-12,2.61855025582343e-12,"BTG2/CIRBP/CNOT7/DDX5/HNRNPA0/HNRNPC/HNRNPU/HSPA1A/HSPA1B/HSPA8/MAGOHB/MLH1/RBM8A/RNASEH1/RNH1/RPL11/RPL13/RPL14/RPL17/RPL18/RPL18A/RPL19/RPL24/RPL26/RPL3/RPL41/RPL5/RPL8/RPL9/RPLP0/RPLP2/RPS10/RPS12/RPS13/RPS14/RPS2/RPS27A/RPS3/TBRG4/TOB1/UBA52/UBB/UBC/ZFP36/ZFP36L1",45
"GO:0019083","GO:0019083","viral transcription","31/563","177/17913",5.82752033506826e-15,3.11116741888457e-12,2.61855025582343e-12,"JUN/MDFIC/NUP133/NUP88/RPL11/RPL13/RPL14/RPL17/RPL18/RPL18A/RPL19/RPL24/RPL26/RPL3/RPL41/RPL5/RPL8/RPL9/RPLP0/RPLP2/RPS10/RPS12/RPS13/RPS14/RPS2/RPS27A/RPS3/TAF11/TRIM8/UBA52/ZFP36",31
"GO:0072599","GO:0072599","establishment of protein localization to endoplasmic reticulum","25/563","112/17913",7.54766834217596e-15,3.58178794327039e-12,3.01465349573461e-12,"HSPA5/RPL11/RPL13/RPL14/RPL17/RPL18/RPL18A/RPL19/RPL24/RPL26/RPL3/RPL41/RPL5/RPL8/RPL9/RPLP0/RPLP2/RPS10/RPS12/RPS13/RPS14/RPS2/RPS27A/RPS3/UBA52",25
"GO:0006614","GO:0006614","SRP-dependent cotranslational protein targeting to membrane","24/563","103/17913",9.35826894022632e-15,3.99691666437066e-12,3.3640514137761e-12,"RPL11/RPL13/RPL14/RPL17/RPL18/RPL18A/RPL19/RPL24/RPL26/RPL3/RPL41/RPL5/RPL8/RPL9/RPLP0/RPLP2/RPS10/RPS12/RPS13/RPS14/RPS2/RPS27A/RPS3/UBA52",24
"GO:0006613","GO:0006613","cotranslational protein targeting to membrane","24/563","106/17913",1.86676521445239e-14,7.24814020993286e-12,6.10048153813866e-12,"RPL11/RPL13/RPL14/RPL17/RPL18/RPL18A/RPL19/RPL24/RPL26/RPL3/RPL41/RPL5/RPL8/RPL9/RPLP0/RPLP2/RPS10/RPS12/RPS13/RPS14/RPS2/RPS27A/RPS3/UBA52",24
"GO:0072594","GO:0072594","establishment of protein localization to organelle","49/563","452/17913",3.63515550262902e-14,1.29381242931071e-11,1.08895228434019e-11,"BAG4/BCL2/CCT4/COX18/DDIT3/GSK3A/HAX1/HSPA1L/HSPA5/HSPA8/LMNA/MDFIC/PARL/PMAIP1/PPP1R10/RAB7A/RPL11/RPL13/RPL14/RPL17/RPL18/RPL18A/RPL19/RPL24/RPL26/RPL3/RPL41/RPL5/RPL8/RPL9/RPLP0/RPLP2/RPS10/RPS12/RPS13/RPS14/RPS2/RPS27A/RPS3/SREBF2/STAT3/TCP1/TOMM7/TXNIP/UBA52/UBB/UBC/UBE2D3/YWHAQ",49
"GO:0019080","GO:0019080","viral gene expression","31/563","191/17913",5.08378091319431e-14,1.67021756001945e-11,1.40575804198855e-11,"JUN/MDFIC/NUP133/NUP88/RPL11/RPL13/RPL14/RPL17/RPL18/RPL18A/RPL19/RPL24/RPL26/RPL3/RPL41/RPL5/RPL8/RPL9/RPLP0/RPLP2/RPS10/RPS12/RPS13/RPS14/RPS2/RPS27A/RPS3/TAF11/TRIM8/UBA52/ZFP36",31
"GO:0006986","GO:0006986","response to unfolded protein","26/563","161/17913",6.4270585240424e-12,1.96071192544179e-09,1.65025600448156e-09,"ADD1/ATF3/ATF4/CALR/CDK5RAP3/CTDSP2/DDIT3/DERL2/DNAJB1/DNAJB11/DNAJB4/ERP44/FKBP14/GSK3A/HERPUD1/HSP90AB1/HSPA1A/HSPA5/HSPA8/HSPH1/LMNA/PPP1R15A/PPP1R15B/STT3B/TSPYL2/XBP1",26
"GO:0035966","GO:0035966","response to topologically incorrect protein","27/563","175/17913",7.61269006889003e-12,2.16758661894862e-09,1.82437449721119e-09,"ADD1/ATF3/ATF4/CALR/CDK5RAP3/CTDSP2/DDIT3/DERL2/DNAJB1/DNAJB11/DNAJB4/ERP44/FKBP14/GSK3A/HERPUD1/HSP90AB1/HSPA1A/HSPA5/HSPA8/HSPH1/KLHL15/LMNA/PPP1R15A/PPP1R15B/STT3B/TSPYL2/XBP1",27
"GO:0006612","GO:0006612","protein targeting to membrane","26/563","167/17913",1.5130729349081e-11,4.0389590656203e-09,3.39943688994155e-09,"HSPA5/MYO1C/RPL11/RPL13/RPL14/RPL17/RPL18/RPL18A/RPL19/RPL24/RPL26/RPL3/RPL41/RPL5/RPL8/RPL9/RPLP0/RPLP2/RPS10/RPS12/RPS13/RPS14/RPS2/RPS27A/RPS3/UBA52",26
"GO:0006605","GO:0006605","protein targeting","39/563","364/17913",2.34552928502451e-11,5.89279739784688e-09,4.95974149124379e-09,"BAG4/GSK3A/HAX1/HSPA1L/HSPA5/HSPA8/MYO1C/PARL/RAB7A/RPL11/RPL13/RPL14/RPL17/RPL18/RPL18A/RPL19/RPL24/RPL26/RPL3/RPL41/RPL5/RPL8/RPL9/RPLP0/RPLP2/RPS10/RPS12/RPS13/RPS14/RPS2/RPS27A/RPS3/SREBF2/TOMM7/UBA52/UBB/UBC/UBE2D3/YWHAQ",39
"GO:1903311","GO:1903311","regulation of mRNA metabolic process","33/563","275/17913",4.19661179007686e-11,9.95762719745459e-09,8.38095278544589e-09,"BTG2/CDK11A/CDK11B/CIRBP/CNOT7/DDX5/HNRNPA0/HNRNPA1/HNRNPA2B1/HNRNPC/HNRNPU/HSPA1A/HSPA8/LEO1/PABPN1/PRDX6/RBM4/RBM8A/RPS27A/SAP18/SRSF3/SRSF6/SRSF7/TBRG4/TOB1/TRA2B/U2AF2/UBA52/UBB/UBC/WTAP/ZFP36/ZFP36L1",33
"GO:0008380","GO:0008380","RNA splicing","43/563","440/17913",4.44635270408643e-11,9.99493284165954e-09,8.4123515149336e-09,"BUD31/CLK1/CLK3/CRNKL1/CSTF1/CWC25/DDX5/HNRNPA0/HNRNPA1/HNRNPA2B1/HNRNPC/HNRNPH1/HNRNPH2/HNRNPU/HNRNPUL1/HSPA1A/HSPA8/LSM10/MAGOHB/PABPN1/PCF11/PHF5A/PRDX6/PUF60/RBM39/RBM4/RBM8A/RPS13/SAP18/SF1/SFPQ/SMNDC1/SNRNP48/SRSF2/SRSF3/SRSF5/SRSF6/SRSF7/SYMPK/TRA2A/TRA2B/U2AF2/WTAP",43
"GO:0043484","GO:0043484","regulation of RNA splicing","21/563","115/17913",6.45012953892523e-11,1.28553745452895e-08,1.08198755553768e-08,"CLK1/CLK3/DDX5/HNRNPA1/HNRNPA2B1/HNRNPH1/HNRNPU/HSPA1A/HSPA8/PRDX6/RBM4/RBM8A/RPS13/SAP18/SRSF3/SRSF5/SRSF6/SRSF7/TRA2B/U2AF2/WTAP",21
"GO:0006397","GO:0006397","mRNA processing","46/563","499/17913",6.64145892643952e-11,1.28553745452895e-08,1.08198755553768e-08,"BUD31/CDK11A/CDK11B/CRNKL1/CSTF1/CWC25/DDX5/GTF2H5/HNRNPA0/HNRNPA1/HNRNPA2B1/HNRNPC/HNRNPH1/HNRNPH2/HNRNPU/HNRNPUL1/HSPA8/LEO1/LSM10/MAGOHB/PABPN1/PCF11/PHF5A/PRDX6/PUF60/RBM23/RBM39/RBM4/RBM8A/SAP18/SF1/SFPQ/SMNDC1/SNRNP48/SRSF2/SRSF3/SRSF5/SRSF6/SRSF7/SYMPK/TBRG4/TRA2A/TRA2B/U2AF2/WTAP/ZFP36L1",46
"GO:0000377","GO:0000377","RNA splicing, via transesterification reactions with bulged adenosine as nucleophile","37/563","344/17913",6.92281935241532e-11,1.28553745452895e-08,1.08198755553768e-08,"BUD31/CRNKL1/CSTF1/CWC25/DDX5/HNRNPA0/HNRNPA1/HNRNPA2B1/HNRNPC/HNRNPH1/HNRNPH2/HNRNPU/HNRNPUL1/HSPA8/MAGOHB/PABPN1/PCF11/PHF5A/PRDX6/PUF60/RBM4/RBM8A/SAP18/SF1/SFPQ/SMNDC1/SNRNP48/SRSF2/SRSF3/SRSF5/SRSF6/SRSF7/SYMPK/TRA2A/TRA2B/U2AF2/WTAP",37
"GO:0000398","GO:0000398","mRNA splicing, via spliceosome","37/563","344/17913",6.92281935241532e-11,1.28553745452895e-08,1.08198755553768e-08,"BUD31/CRNKL1/CSTF1/CWC25/DDX5/HNRNPA0/HNRNPA1/HNRNPA2B1/HNRNPC/HNRNPH1/HNRNPH2/HNRNPU/HNRNPUL1/HSPA8/MAGOHB/PABPN1/PCF11/PHF5A/PRDX6/PUF60/RBM4/RBM8A/SAP18/SF1/SFPQ/SMNDC1/SNRNP48/SRSF2/SRSF3/SRSF5/SRSF6/SRSF7/SYMPK/TRA2A/TRA2B/U2AF2/WTAP",37
"GO:0000375","GO:0000375","RNA splicing, via transesterification reactions","37/563","348/17913",9.67202987399012e-11,1.72121831632549e-08,1.44868342191563e-08,"BUD31/CRNKL1/CSTF1/CWC25/DDX5/HNRNPA0/HNRNPA1/HNRNPA2B1/HNRNPC/HNRNPH1/HNRNPH2/HNRNPU/HNRNPUL1/HSPA8/MAGOHB/PABPN1/PCF11/PHF5A/PRDX6/PUF60/RBM4/RBM8A/SAP18/SF1/SFPQ/SMNDC1/SNRNP48/SRSF2/SRSF3/SRSF5/SRSF6/SRSF7/SYMPK/TRA2A/TRA2B/U2AF2/WTAP",37
"GO:0050684","GO:0050684","regulation of mRNA processing","20/563","108/17913",1.41557726629106e-10,2.41837220173165e-08,2.03545110079325e-08,"CDK11A/CDK11B/DDX5/HNRNPA1/HNRNPA2B1/HNRNPU/HSPA8/LEO1/PABPN1/PRDX6/RBM4/RBM8A/SAP18/SRSF3/SRSF6/SRSF7/TRA2B/U2AF2/WTAP/ZFP36L1",20
"GO:0090150","GO:0090150","establishment of protein localization to membrane","32/563","287/17913",5.54968344232735e-10,9.1164223008385e-08,7.67294289698295e-08,"BCL2/COX18/GRIPAP1/HSPA5/MYO1C/PMAIP1/RPL11/RPL13/RPL14/RPL17/RPL18/RPL18A/RPL19/RPL24/RPL26/RPL3/RPL41/RPL5/RPL8/RPL9/RPLP0/RPLP2/RPS10/RPS12/RPS13/RPS14/RPS2/RPS27A/RPS3/UBA52/VAMP2/YWHAQ",32
"GO:0034976","GO:0034976","response to endoplasmic reticulum stress","29/563","254/17913",2.08484021395641e-09,3.29790835326216e-07,2.77572293593027e-07,"ADD1/ATF3/ATF4/ATP2A2/BCL2/CALR/CDK5RAP3/CTDSP2/DDIT3/DERL2/DNAJB11/ERP29/ERP44/FKBP14/GSK3A/HERPUD1/HSPA1A/HSPA5/JUN/LMNA/NRBF2/PMAIP1/PPP1R15A/PPP1R15B/SIRT1/STT3B/TSPYL2/UBE2G2/XBP1",29
"GO:0035967","GO:0035967","cellular response to topologically incorrect protein","20/563","135/17913",8.27564200484121e-09,1.26233096438131e-06,1.06245554310273e-06,"ADD1/ATF3/ATF4/CALR/CDK5RAP3/CTDSP2/DDIT3/DERL2/DNAJB11/FKBP14/GSK3A/HERPUD1/HSPA1A/HSPA5/KLHL15/LMNA/PPP1R15A/PPP1R15B/TSPYL2/XBP1",20
"GO:0006403","GO:0006403","RNA localization","25/563","208/17913",9.58212561487344e-09,1.33136949582177e-06,1.12056262633707e-06,"CCT4/EIF4E/HNRNPA1/HNRNPA2B1/HNRNPU/MAGOHB/MRPL18/MYO1C/NUP133/NUP88/PABPN1/RBM8A/RUVBL1/SFPQ/SIDT1/SRSF2/SRSF3/SRSF5/SRSF6/SRSF7/SYMPK/TCP1/U2AF2/ZFP36/ZFP36L1",25
"GO:0048024","GO:0048024","regulation of mRNA splicing, via spliceosome","15/563","75/17913",9.58497545940725e-09,1.33136949582177e-06,1.12056262633707e-06,"DDX5/HNRNPA1/HNRNPA2B1/HNRNPU/HSPA8/PRDX6/RBM4/RBM8A/SAP18/SRSF3/SRSF6/SRSF7/TRA2B/U2AF2/WTAP",15
"GO:0034620","GO:0034620","cellular response to unfolded protein","19/563","123/17913",9.66341708510296e-09,1.33136949582177e-06,1.12056262633707e-06,"ADD1/ATF3/ATF4/CALR/CDK5RAP3/CTDSP2/DDIT3/DERL2/DNAJB11/FKBP14/GSK3A/HERPUD1/HSPA1A/HSPA5/LMNA/PPP1R15A/PPP1R15B/TSPYL2/XBP1",19
"GO:0006984","GO:0006984","ER-nucleus signaling pathway","12/563","46/17913",1.21281281328265e-08,1.61529231967033e-06,1.35952957440614e-06,"ATF3/ATF4/ATP2A2/CALR/DDIT3/EIF2A/HERPUD1/HSPA5/INSIG1/PPP1R15A/PPP1R15B/XBP1",12
"GO:0030968","GO:0030968","endoplasmic reticulum unfolded protein response","18/563","112/17913",1.24806009246361e-08,1.61529231967033e-06,1.35952957440614e-06,"ADD1/ATF3/ATF4/CALR/CDK5RAP3/CTDSP2/DDIT3/DERL2/DNAJB11/FKBP14/GSK3A/HERPUD1/HSPA5/LMNA/PPP1R15A/PPP1R15B/TSPYL2/XBP1",18
"GO:0042594","GO:0042594","response to starvation","22/563","174/17913",2.95200784302626e-08,3.70824279340151e-06,3.12108569162064e-06,"ADM/ATF3/ATF4/BCL2/DDIT3/EIF2A/FNIP1/HNRNPA1/HSPA5/HSPA8/JUN/KLF10/NUAK2/PMAIP1/PPM1D/SESN1/SIRT1/SLC38A2/SREBF2/WDR45/XBP1/ZFP36",22
"GO:0015931","GO:0015931","nucleobase-containing compound transport","25/563","221/17913",3.26573544595199e-08,3.98513031133169e-06,3.35413129260933e-06,"EIF4E/HNRNPA1/HNRNPA2B1/HNRNPU/MAGOHB/MRPL18/MYO1C/NUP133/NUP88/PABPN1/RBM8A/SFPQ/SIDT1/SLC25A36/SLC35A3/SLC35B1/SRSF2/SRSF3/SRSF5/SRSF6/SRSF7/SYMPK/U2AF2/ZFP36/ZFP36L1",25
"GO:0050657","GO:0050657","nucleic acid transport","22/563","176/17913",3.63935441844086e-08,4.20099533004349e-06,3.53581659714809e-06,"EIF4E/HNRNPA1/HNRNPA2B1/HNRNPU/MAGOHB/MRPL18/MYO1C/NUP133/NUP88/PABPN1/RBM8A/SFPQ/SIDT1/SRSF2/SRSF3/SRSF5/SRSF6/SRSF7/SYMPK/U2AF2/ZFP36/ZFP36L1",22
"GO:0050658","GO:0050658","RNA transport","22/563","176/17913",3.63935441844086e-08,4.20099533004349e-06,3.53581659714809e-06,"EIF4E/HNRNPA1/HNRNPA2B1/HNRNPU/MAGOHB/MRPL18/MYO1C/NUP133/NUP88/PABPN1/RBM8A/SFPQ/SIDT1/SRSF2/SRSF3/SRSF5/SRSF6/SRSF7/SYMPK/U2AF2/ZFP36/ZFP36L1",22
"GO:0051236","GO:0051236","establishment of RNA localization","22/563","179/17913",4.95188055517969e-08,5.5656531187296e-06,4.68439670247608e-06,"EIF4E/HNRNPA1/HNRNPA2B1/HNRNPU/MAGOHB/MRPL18/MYO1C/NUP133/NUP88/PABPN1/RBM8A/SFPQ/SIDT1/SRSF2/SRSF3/SRSF5/SRSF6/SRSF7/SYMPK/U2AF2/ZFP36/ZFP36L1",22
"GO:0097193","GO:0097193","intrinsic apoptotic signaling pathway","28/563","277/17913",5.70702842635956e-08,6.24992779717479e-06,5.2603244469684e-06,"ATF4/BBC3/BCL2/CDKN2D/DDIT3/DDIT4/DDX3X/DDX5/ERP29/HERPUD1/HIC1/HSPA1A/MLH1/PMAIP1/PPP1R15A/RPL11/RPL26/RPS3/SFPQ/SIRT1/SNAI1/STK25/TAF9/TNF/TPT1/UBB/XBP1/ZNF622",28
"GO:1901798","GO:1901798","positive regulation of signal transduction by p53 class mediator","8/563","21/17913",1.28470404688074e-07,1.37174274605691e-05,1.15454324213098e-05,"CDK5RAP3/DDX5/HEXIM1/HIC1/PMAIP1/RPL11/RPL26/UBB",8
"GO:2001233","GO:2001233","regulation of apoptotic signaling pathway","34/563","397/17913",1.32049641688314e-07,1.37557077963607e-05,1.15776515113118e-05,"ATF3/BBC3/BCL2/CDKN2D/DDIT3/DDX3X/ERP29/GCLM/GSK3A/HERPUD1/HSPA1A/HSPA1B/LMNA/MNT/PMAIP1/PRR7/RPL11/RPL26/RPS3/SFPQ/SIAH2/SIRT1/SNAI1/STX4/TAF9/TMBIM1/TNF/TPT1/TRADD/TRAF1/TRIM39/UBB/XBP1/YWHAQ",34
"GO:1900034","GO:1900034","regulation of cellular response to heat","14/563","79/17913",1.48446512656624e-07,1.50955965608676e-05,1.27053844792574e-05,"AKT1S1/BAG4/CAMK2G/DNAJB1/HSP90AB1/HSPA1A/HSPA1B/HSPA1L/HSPA8/HSPH1/IER5/NUP133/NUP88/SIRT1",14
"GO:0009267","GO:0009267","cellular response to starvation","18/563","136/17913",2.6676988847719e-07,2.64970742717693e-05,2.23015708482155e-05,"ATF3/ATF4/BCL2/FNIP1/HNRNPA1/HSPA5/HSPA8/JUN/KLF10/NUAK2/PMAIP1/PPM1D/SESN1/SIRT1/SLC38A2/SREBF2/WDR45/XBP1",18
"GO:1903708","GO:1903708","positive regulation of hemopoiesis","21/563","182/17913",2.94230960557724e-07,2.85604643759554e-05,2.40382471364743e-05,"ADAM8/ANKRD54/BCL6/EGR3/FLT3LG/FOS/GNAS/HAX1/HSPA1A/HSPA1B/ID2/IL23A/JUN/KLF10/NFKBID/PNP/SOCS5/STAT3/TNF/XBP1/ZFP36L1",21
"GO:0051348","GO:0051348","negative regulation of transferase activity","26/563","272/17913",5.07687810440749e-07,4.81852141864986e-05,4.05556461439803e-05,"AKT1S1/CDK5RAP3/CDKN1C/CDKN2D/DUSP1/EIF4A2/ERRFI1/GADD45A/GADD45B/GGNBP2/GMFB/GPS2/GSK3A/HEXIM1/HNRNPU/MBIP/MIDN/PIK3IP1/PRKAG2/RPL11/RPL5/SIRT1/SOCS3/SOCS5/TAF7/ZFP36",26
"GO:0031124","GO:0031124","mRNA 3'-end processing","14/563","89/17913",6.82437111624813e-07,6.33628022554255e-05,5.33300397299482e-05,"CSTF1/LEO1/MAGOHB/PABPN1/PCF11/RBM8A/SRSF2/SRSF3/SRSF5/SRSF6/SRSF7/SYMPK/U2AF2/ZFP36L1",14
"GO:0006457","GO:0006457","protein folding","20/563","176/17913",7.19513602205039e-07,6.53838850003771e-05,5.50311075370707e-05,"BAG4/CALR/CCT4/DNAJB1/DNAJB11/DNAJC21/ERP29/ERP44/HSPA1A/HSPA1B/HSPA1L/HSPA2/HSPA5/HSPA8/HSPH1/LTBP4/PDCL/TBCC/TBCE/TCP1",20
"GO:0051028","GO:0051028","mRNA transport","18/563","146/17913",7.77860179975921e-07,6.92133505974408e-05,5.82542218117932e-05,"EIF4E/HNRNPA1/HNRNPA2B1/MAGOHB/MYO1C/NUP133/NUP88/PABPN1/RBM8A/SRSF2/SRSF3/SRSF5/SRSF6/SRSF7/SYMPK/U2AF2/ZFP36/ZFP36L1",18
"GO:2001242","GO:2001242","regulation of intrinsic apoptotic signaling pathway","19/563","163/17913",9.21245588056604e-07,8.02987736038725e-05,6.75843970615102e-05,"BBC3/BCL2/CDKN2D/DDIT3/DDX3X/ERP29/HERPUD1/HSPA1A/PMAIP1/RPL11/RPL26/RPS3/SFPQ/SIRT1/SNAI1/TAF9/TPT1/UBB/XBP1",19
"GO:0072331","GO:0072331","signal transduction by p53 class mediator","25/563","264/17913",9.99590930673442e-07,8.53850572981254e-05,7.18653269105222e-05,"BCL2/BTG2/CDK5RAP3/CHD3/CNOT7/DDIT4/DDX5/GADD45A/HEXIM1/HIC1/NDRG1/PLK2/PLK3/PMAIP1/PPM1D/PRKAG2/RPL11/RPL26/RPL5/SIRT1/SNAI1/TAF11/TAF7/TAF9/UBB",25
"GO:0031123","GO:0031123","RNA 3'-end processing","15/563","107/17913",1.25539182741594e-06,0.000105132911664578,8.84863382998023e-05,"CSTF1/LEO1/MAGOHB/PABPN1/PCF11/RBM8A/SRSF2/SRSF3/SRSF5/SRSF6/SRSF7/SYMPK/TRNT1/U2AF2/ZFP36L1",15
"GO:0043618","GO:0043618","regulation of transcription from RNA polymerase II promoter in response to stress","15/563","109/17913",1.59558460357665e-06,0.000131052727728382,0.000110302053061017,"ATF3/ATF4/CITED2/DDIT3/DNAJB1/EGR1/HSPA1A/HSPA5/JUN/KLF2/RPS27A/SIN3A/UBA52/UBB/UBC",15
"GO:0033157","GO:0033157","regulation of intracellular protein transport","22/563","220/17913",1.80766908506741e-06,0.000145670842685338,0.000122605559592954,"BAG4/BCAS3/DERL2/DNAJC27/GRIPAP1/GSK3A/HAX1/HSPA1L/INSIG1/KIF5B/MDFIC/MYO1C/OAZ2/PARL/PCM1/PLK3/SREBF2/TOMM7/UBE2D3/UBE2G2/VAMP2/XPO4",22
"GO:0006595","GO:0006595","polyamine metabolic process","6/563","14/17913",2.27319969775089e-06,0.000179582401296762,0.000151147617451464,"AMD1/DHPS/OAZ2/ODC1/SAT1/SAT2",6
"GO:0036499","GO:0036499","PERK-mediated unfolded protein response","7/563","21/17913",2.31258067696603e-06,0.000179582401296762,0.000151147617451464,"ATF3/ATF4/DDIT3/HERPUD1/HSPA5/PPP1R15A/PPP1R15B",7
"GO:1902107","GO:1902107","positive regulation of leukocyte differentiation","17/563","143/17913",2.61350142981504e-06,0.000199326153691786,0.000167765176368766,"ADAM8/BCL6/EGR3/FLT3LG/FOS/GNAS/HAX1/ID2/IL23A/JUN/KLF10/NFKBID/PNP/SOCS5/TNF/XBP1/ZFP36L1",17
"GO:0043620","GO:0043620","regulation of DNA-templated transcription in response to stress","15/563","115/17913",3.16696540913629e-06,0.000237300162498616,0.000199726442699916,"ATF3/ATF4/CITED2/DDIT3/DNAJB1/EGR1/HSPA1A/HSPA5/JUN/KLF2/RPS27A/SIN3A/UBA52/UBB/UBC",15
"GO:0006913","GO:0006913","nucleocytoplasmic transport","26/563","302/17913",3.62948654936915e-06,0.000267267880213029,0.000224949120981772,"ANKRD54/BACH2/CALR/DNAJC27/EIF4E/HNRNPA1/HNRNPA2B1/LMNA/MAGOHB/MDFIC/NUP133/NUP88/PABPN1/PPP1R10/RBM4/RBM8A/SRSF2/SRSF3/SRSF5/SRSF6/SRSF7/STAT3/SYMPK/TXNIP/U2AF2/XPO4",26
"GO:0034605","GO:0034605","cellular response to heat","15/563","117/17913",3.93812113290979e-06,0.000285060784554926,0.000239924725937491,"AKT1S1/ATP2A2/BAG4/CAMK2G/DNAJB1/HSP90AB1/HSPA1A/HSPA1B/HSPA1L/HSPA8/HSPH1/IER5/NUP133/NUP88/SIRT1",15
"GO:0000381","GO:0000381","regulation of alternative mRNA splicing, via spliceosome","9/563","41/17913",4.0046001108161e-06,0.000285060784554926,0.000239924725937491,"DDX5/HNRNPA1/HNRNPU/RBM4/RBM8A/SAP18/SRSF6/TRA2B/WTAP",9
"GO:0051169","GO:0051169","nuclear transport","26/563","305/17913",4.34661140454129e-06,0.000304334054242555,0.000256146297610155,"ANKRD54/BACH2/CALR/DNAJC27/EIF4E/HNRNPA1/HNRNPA2B1/LMNA/MAGOHB/MDFIC/NUP133/NUP88/PABPN1/PPP1R10/RBM4/RBM8A/SRSF2/SRSF3/SRSF5/SRSF6/SRSF7/STAT3/SYMPK/TXNIP/U2AF2/XPO4",26
"GO:0045639","GO:0045639","positive regulation of myeloid cell differentiation","13/563","90/17913",4.5570168465463e-06,0.000313919660509666,0.000264214134651199,"ANKRD54/FOS/GNAS/HAX1/HSPA1A/HSPA1B/ID2/IL23A/JUN/KLF10/STAT3/TNF/ZFP36L1",13
"GO:0043161","GO:0043161","proteasome-mediated ubiquitin-dependent protein catabolic process","27/563","328/17913",5.48045083358312e-06,0.000371539770003706,0.000312710770203615,"CDC26/DDIT3/DERL2/GSK3A/HERPUD1/HSP90AB1/HSPA1A/HSPA5/KLHL15/PLK2/PLK3/PPP2R5C/RAD23A/RNF187/RPL11/RPS27A/SIRT1/SOCS5/STT3B/TAF9/UBA52/UBB/UBC/UBE2D3/UBE2G2/UBE2S/ZFAND2A",27
"GO:0031647","GO:0031647","regulation of protein stability","24/563","272/17913",5.63245016275826e-06,0.000375878041330321,0.000316362126740451,"BCL2/CALR/CCT4/CDKN2AIP/HSP90AB1/HSPA1A/HSPA1B/HSPA8/ID1/LMNA/MYLIP/NR1D1/PER3/RAD23A/RPL11/RPL5/RTN4/SIRT1/TAF9/TCP1/TOMM7/USP3/XBP1/ZNF207",24
"GO:0000380","GO:0000380","alternative mRNA splicing, via spliceosome","10/563","54/17913",5.97997717836248e-06,0.000392930500442864,0.000330714527353973,"DDX5/HNRNPA1/HNRNPU/RBM4/RBM8A/SAP18/SFPQ/SRSF6/TRA2B/WTAP",10
"GO:0006406","GO:0006406","mRNA export from nucleus","14/563","107/17913",6.47576537032075e-06,0.000411442655890965,0.00034629549837155,"EIF4E/HNRNPA2B1/MAGOHB/NUP133/NUP88/PABPN1/RBM8A/SRSF2/SRSF3/SRSF5/SRSF6/SRSF7/SYMPK/U2AF2",14
"GO:0071427","GO:0071427","mRNA-containing ribonucleoprotein complex export from nucleus","14/563","107/17913",6.47576537032075e-06,0.000411442655890965,0.00034629549837155,"EIF4E/HNRNPA2B1/MAGOHB/NUP133/NUP88/PABPN1/RBM8A/SRSF2/SRSF3/SRSF5/SRSF6/SRSF7/SYMPK/U2AF2",14
"GO:0031503","GO:0031503","protein-containing complex localization","22/563","238/17913",6.56024952291685e-06,0.000411442655890965,0.00034629549837155,"DYNLL1/DYNLL2/EFNB2/EIF4E/GRIPAP1/HNRNPA2B1/HNRNPU/MAGOHB/NUP133/NUP88/PABPN1/PCM1/RAP1A/RBM8A/SFPQ/SRSF2/SRSF3/SRSF5/SRSF6/SRSF7/SYMPK/U2AF2",22
"GO:0006405","GO:0006405","RNA export from nucleus","15/563","122/17913",6.64704829231481e-06,0.000411442655890965,0.00034629549837155,"EIF4E/HNRNPA1/HNRNPA2B1/MAGOHB/NUP133/NUP88/PABPN1/RBM8A/SRSF2/SRSF3/SRSF5/SRSF6/SRSF7/SYMPK/U2AF2",15
"GO:1990823","GO:1990823","response to leukemia inhibitory factor","13/563","94/17913",7.44782626300026e-06,0.000448023464355973,0.000377084161425439,"CACYBP/EIF4A2/EPS8/GCLM/HNRNPU/MAT2A/PMM1/RARG/SIRT1/SOCS3/SRSF7/TLE4/XBP1",13
"GO:1990830","GO:1990830","cellular response to leukemia inhibitory factor","13/563","94/17913",7.44782626300026e-06,0.000448023464355973,0.000377084161425439,"CACYBP/EIF4A2/EPS8/GCLM/HNRNPU/MAT2A/PMM1/RARG/SIRT1/SOCS3/SRSF7/TLE4/XBP1",13
"GO:1903312","GO:1903312","negative regulation of mRNA metabolic process","11/563","69/17913",9.36810301543848e-06,0.000555710666374135,0.000467720347919918,"CIRBP/HNRNPA0/HNRNPA2B1/HNRNPC/HNRNPU/SAP18/SRSF6/SRSF7/TOB1/U2AF2/ZFP36",11
"GO:0009408","GO:0009408","response to heat","17/563","158/17913",1.01655055996625e-05,0.00059475170433094,0.000500579691749784,"AKT1S1/ATP2A2/BAG4/CAMK2G/DNAJB1/DNAJB4/HSP90AB1/HSPA1A/HSPA1B/HSPA1L/HSPA2/HSPA8/HSPH1/IER5/NUP133/NUP88/SIRT1",17
"GO:1905897","GO:1905897","regulation of response to endoplasmic reticulum stress","12/563","83/17913",1.04741545814711e-05,0.000604528570506258,0.000508808504917835,"DDIT3/DERL2/ERP29/HERPUD1/HSPA1A/HSPA5/PMAIP1/PPP1R15A/PPP1R15B/SIRT1/UBE2G2/XBP1",12
"GO:0051168","GO:0051168","nuclear export","18/563","176/17913",1.13988875179483e-05,0.000641189113421726,0.000539664277399646,"CALR/DNAJC27/EIF4E/HNRNPA1/HNRNPA2B1/MAGOHB/NUP133/NUP88/PABPN1/RBM8A/SRSF2/SRSF3/SRSF5/SRSF6/SRSF7/SYMPK/U2AF2/XPO4",18
"GO:0042255","GO:0042255","ribosome assembly","7/563","26/17913",1.14095932147158e-05,0.000641189113421726,0.000539664277399646,"DDX3X/EIF2A/MRPS2/RPL11/RPL5/RPS14/SBDS",7
"GO:0010498","GO:0010498","proteasomal protein catabolic process","29/563","382/17913",1.18835877809129e-05,0.00065915329106856,0.00055478403652519,"CDC26/DDIT3/DERL2/GSK3A/HERPUD1/HSP90AB1/HSPA1A/HSPA5/KLHL15/NR1D1/PLK2/PLK3/PMAIP1/PPP2R5C/RAD23A/RNF187/RPL11/RPS27A/SIRT1/SOCS5/STT3B/TAF9/UBA52/UBB/UBC/UBE2D3/UBE2G2/UBE2S/ZFAND2A",29
"GO:1903747","GO:1903747","regulation of establishment of protein localization to mitochondrion","11/563","71/17913",1.2426914603264e-05,0.000680453234237697,0.000572711381513447,"BAG4/BCL2/GSK3A/HAX1/HSPA1L/PARL/PMAIP1/SREBF2/TOMM7/UBE2D3/YWHAQ",11
"GO:0042026","GO:0042026","protein refolding","6/563","18/17913",1.26197646898942e-05,0.00068226601253846,0.000574237127461544,"HSPA1A/HSPA1B/HSPA1L/HSPA2/HSPA8/PDCL",6
"GO:0070059","GO:0070059","intrinsic apoptotic signaling pathway in response to endoplasmic reticulum stress","10/563","59/17913",1.36354636855584e-05,0.00072796331751275,0.000612698795870816,"ATF4/BCL2/DDIT3/ERP29/HERPUD1/HSPA1A/PMAIP1/PPP1R15A/SIRT1/XBP1",10
"GO:1901796","GO:1901796","regulation of signal transduction by p53 class mediator","18/563","179/17913",1.43862557725147e-05,0.000758564177832223,0.00063845436599269,"BCL2/CDK5RAP3/CHD3/DDX5/HEXIM1/HIC1/PLK3/PMAIP1/PRKAG2/RPL11/RPL26/RPL5/SIRT1/SNAI1/TAF11/TAF7/TAF9/UBB",18
"GO:1901990","GO:1901990","regulation of mitotic cell cycle phase transition","31/563","428/17913",1.51936027153127e-05,0.000790697860235542,0.000665500053655468,"BCL2/BTG2/CDC26/CDK5RAP3/CDKN1C/CDKN2D/CNOT7/CTDSP2/DDX3X/DUSP1/DYNLL1/GADD45A/HAUS6/HSPA2/ID2/LSM10/MAPRE1/MEPCE/MIIP/NDE1/PCM1/PLCB1/PLK2/PLK3/RFWD3/RPL26/SIN3A/TUBA1A/TUBA4A/ZFP36L1/ZNF207",31
"GO:0006611","GO:0006611","protein export from nucleus","17/563","163/17913",1.53659382813276e-05,0.000790697860235542,0.000665500053655468,"CALR/DNAJC27/EIF4E/HNRNPA2B1/MAGOHB/NUP133/NUP88/PABPN1/RBM8A/SRSF2/SRSF3/SRSF5/SRSF6/SRSF7/SYMPK/U2AF2/XPO4",17
"GO:0071426","GO:0071426","ribonucleoprotein complex export from nucleus","14/563","116/17913",1.664098878626e-05,0.000846115036977579,0.000712142565226542,"EIF4E/HNRNPA2B1/MAGOHB/NUP133/NUP88/PABPN1/RBM8A/SRSF2/SRSF3/SRSF5/SRSF6/SRSF7/SYMPK/U2AF2",14
"GO:0030522","GO:0030522","intracellular receptor signaling pathway","23/563","272/17913",1.75502761390734e-05,0.000881849757529208,0.000742219108544097,"ASXL1/BUD31/CALR/CITED2/DDX5/DHRS3/ESRRA/GPS2/HSPA1A/HSPA1B/LBH/NR1D1/NR1D2/NR4A1/RARG/RPS27A/SIRT1/STAT3/STRN3/TAF7/UBA52/UBB/UBC",23
"GO:0071243","GO:0071243","cellular response to arsenic-containing substance","6/563","19/17913",1.795569866e-05,0.000882185373282065,0.000742501583447302,"ATF3/ATF4/DDX3X/HNRNPA1/MKNK2/ZFAND2A",6
"GO:0030099","GO:0030099","myeloid cell differentiation","30/563","411/17913",1.79700602846031e-05,0.000882185373282065,0.000742501583447302,"ADD1/ANKRD54/BCL6/CDKN1C/DHRS7B/ESRRA/FOS/GNAS/HAX1/HSPA1A/HSPA1B/ID2/IL23A/JUN/JUNB/KLF10/KLF13/KLF2/LEO1/OSTM1/PURB/RARG/RPS14/SETD1A/SIN3A/SIRT1/STAT3/TNF/ZFP36/ZFP36L1",30
"GO:0071166","GO:0071166","ribonucleoprotein complex localization","14/563","117/17913",1.83675921566184e-05,0.000891454387510423,0.000750302957115453,"EIF4E/HNRNPA2B1/MAGOHB/NUP133/NUP88/PABPN1/RBM8A/SRSF2/SRSF3/SRSF5/SRSF6/SRSF7/SYMPK/U2AF2",14
"GO:0042149","GO:0042149","cellular response to glucose starvation","8/563","38/17913",1.9263667501917e-05,0.000924439594389747,0.000778065340260751,"ATF4/BCL2/HNRNPA1/HSPA5/NUAK2/PMAIP1/SESN1/XBP1",8
"GO:0030308","GO:0030308","negative regulation of cell growth","17/563","167/17913",2.11130201165011e-05,0.00100193009908418,0.000843286125121068,"ARHGAP4/BCL2/BCL6/CCDC85B/CDKN2AIP/CDKN2D/CRLF3/DDX3X/GSK3A/HSPA1A/HSPA1B/IFRD1/ING1/RTN4/SERTAD3/SIRT1/TSPYL2",17
"GO:2001244","GO:2001244","positive regulation of intrinsic apoptotic signaling pathway","10/563","62/17913",2.1443620849243e-05,0.00100643631480348,0.000847078834010003,"BBC3/BCL2/DDIT3/PMAIP1/RPL11/RPL26/RPS3/SFPQ/SIRT1/UBB",10
"GO:0071826","GO:0071826","ribonucleoprotein complex subunit organization","20/563","221/17913",2.33012754380798e-05,0.00108173638473955,0.000910456013970739,"ATXN2L/C9orf72/CIRBP/CNOT7/CRNKL1/DDX3X/EIF2A/EIF5/HSP90AB1/KIF5B/MRPS2/MTIF3/RPL11/RPL5/RPS14/SBDS/SF1/SRSF5/SRSF6/TAF9",20
"GO:1902229","GO:1902229","regulation of intrinsic apoptotic signaling pathway in response to DNA damage","8/563","39/17913",2.35738003213541e-05,0.00108262044271509,0.000911200091651661,"BCL2/CDKN2D/RPL26/RPS3/SIRT1/SNAI1/TAF9/TPT1",8
"GO:1903829","GO:1903829","positive regulation of cellular protein localization","25/563","318/17913",2.64594319651013e-05,0.00119321927073329,0.00100428688204517,"BCAS3/BCL2/CCT4/CDK5RAP3/GSK3A/HSP90AB1/HSPA1L/KIF5B/MYO1C/OAZ2/PCM1/PLK3/PMAIP1/RTN4/SQSTM1/SREBF2/STX4/TCP1/TNF/TOMM7/TRIM8/UBE2D3/VAMP2/XPO4/YWHAQ",25
"GO:1903320","GO:1903320","regulation of protein modification by small protein conjugation or removal","20/563","223/17913",2.6540817307343e-05,0.00119321927073329,0.00100428688204517,"ARRDC3/CDK5RAP3/EGR1/GPS2/GSK3A/HERPUD1/HMG20A/HSP90AB1/HSPA1A/HSPA1B/HSPA5/PRR7/RPL11/RPL5/RPS2/RPS3/SIAH2/U2AF2/UBB/UBE2S",20
"GO:0030330","GO:0030330","DNA damage response, signal transduction by p53 class mediator","13/563","106/17913",2.79070620095514e-05,0.00124157356086244,0.00104498483292344,"BTG2/CNOT7/DDX5/GADD45A/HIC1/NDRG1/PLK2/PLK3/PMAIP1/PPM1D/RPL26/SIRT1/SNAI1",13
"GO:0002521","GO:0002521","leukocyte differentiation","33/563","485/17913",2.88956457159634e-05,0.0012723020912668,0.00107084785805768,"ADAM8/BCL2/BCL6/DHRS7B/EGR1/EGR3/ESRRA/FLT3LG/FNIP1/FOS/GNAS/GPS2/HAX1/HDAC5/ID2/IL23A/IRF1/JUN/JUNB/KLF10/KLF6/NFKBID/NRARP/OSTM1/PNP/PRR7/SEMA4A/SIRT1/SOCS5/STAT3/TNF/XBP1/ZFP36L1",33
"GO:0008630","GO:0008630","intrinsic apoptotic signaling pathway in response to DNA damage","12/563","92/17913",3.0362534259604e-05,0.00132324881451805,0.00111372776043553,"BCL2/CDKN2D/DDIT4/HIC1/MLH1/RPL26/RPS3/SIRT1/SNAI1/TAF9/TNF/TPT1",12
"GO:0033673","GO:0033673","negative regulation of kinase activity","21/563","244/17913",3.1111433652223e-05,0.00134219124372368,0.00112967087636727,"AKT1S1/CDK5RAP3/CDKN1C/CDKN2D/DUSP1/ERRFI1/GADD45A/GADD45B/GGNBP2/GMFB/GPS2/HEXIM1/HNRNPU/MBIP/MIDN/PIK3IP1/PRKAG2/SIRT1/SOCS3/SOCS5/TAF7",21
"GO:1903706","GO:1903706","regulation of hemopoiesis","32/563","468/17913",3.46648000009684e-05,0.00147843764299122,0.00124434424350639,"ADAM8/ANKRD54/BCL6/EGR3/ESRRA/FLT3LG/FNIP1/FOS/GNAS/HAX1/HSPA1A/HSPA1B/ID2/IL23A/IRF1/JUN/KLF10/KLF13/LEO1/NFKBID/NRARP/PNP/PURB/RARG/SETD1A/SIN3A/SOCS5/STAT3/TNF/XBP1/ZFP36/ZFP36L1",32
"GO:2001021","GO:2001021","negative regulation of response to DNA damage stimulus","11/563","79/17913",3.49618829178444e-05,0.00147843764299122,0.00124434424350639,"BCL2/CDKN2D/HELB/KLHL15/NUDT16L1/PPP1R10/RPS3/SIRT1/SNAI1/TAF9/TPT1",11
"GO:0002763","GO:0002763","positive regulation of myeloid leukocyte differentiation","9/563","54/17913",4.22644714104156e-05,0.00176972115092044,0.00148950639697182,"FOS/GNAS/HAX1/ID2/IL23A/JUN/KLF10/TNF/ZFP36L1",9
"GO:0034248","GO:0034248","regulation of cellular amide metabolic process","31/563","452/17913",4.33091679372504e-05,0.00179585879864074,0.00151150545228115,"ATF4/BTG2/CALR/CIRBP/DDX3X/EEF1A1/EIF1/EIF2A/EIF4A2/EIF4E/EIF5/GSK3A/MKNK2/NGDN/NOTCH4/ORMDL1/PLK3/PPP1R15A/PPP1R15B/RBM4/RBM8A/RPL26/RPL5/RPS14/RPS3/STAT3/TNF/TOB1/USP16/ZFP36/ZFP36L1",31
"GO:0045637","GO:0045637","regulation of myeloid cell differentiation","21/563","250/17913",4.44709591094578e-05,0.00182630256112014,0.00153712879917812,"ANKRD54/ESRRA/FOS/GNAS/HAX1/HSPA1A/HSPA1B/ID2/IL23A/JUN/KLF10/KLF13/LEO1/PURB/RARG/SETD1A/SIN3A/STAT3/TNF/ZFP36/ZFP36L1",21
"GO:0031396","GO:0031396","regulation of protein ubiquitination","18/563","196/17913",4.86904346278127e-05,0.00195998915638803,0.00164964767749821,"ARRDC3/CDK5RAP3/GPS2/GSK3A/HERPUD1/HSP90AB1/HSPA1A/HSPA1B/HSPA5/PRR7/RPL11/RPL5/RPS2/RPS3/SIAH2/U2AF2/UBB/UBE2S",18
"GO:0042326","GO:0042326","negative regulation of phosphorylation","31/563","455/17913",4.90342370048594e-05,0.00195998915638803,0.00164964767749821,"AKT1S1/ATF3/C9orf72/CDK5RAP3/CDKN1C/CDKN2D/CTDSP2/DDIT4/DUSP1/DYNLL1/ERRFI1/GADD45A/GADD45B/GGNBP2/GMFB/GPS2/HEXIM1/HNRNPU/IGBP1/JUN/MBIP/MIDN/MYADM/PIK3IP1/PPP1R15B/PRKAG2/SIRT1/SOCS3/SOCS5/STAT3/TAF7",31
"GO:0046685","GO:0046685","response to arsenic-containing substance","7/563","32/17913",4.95618892273255e-05,0.00195998915638803,0.00164964767749821,"ATF3/ATF4/DDX3X/HNRNPA1/MKNK2/RBM4/ZFAND2A",7
"GO:1902235","GO:1902235","regulation of endoplasmic reticulum stress-induced intrinsic apoptotic signaling pathway","7/563","32/17913",4.95618892273255e-05,0.00195998915638803,0.00164964767749821,"DDIT3/ERP29/HERPUD1/HSPA1A/PMAIP1/SIRT1/XBP1",7
"GO:0071900","GO:0071900","regulation of protein serine/threonine kinase activity","32/563","479/17913",5.41504302090965e-05,0.00212180263690873,0.00178583987604118,"ADAM8/CCND3/CCNK/CCNL1/CDK5RAP3/CDKN1C/CDKN2D/DDX3X/DUSP1/DVL2/ERP29/FGF18/GADD45A/GADD45B/GADD45G/GPS2/HEXIM1/HSP90AB1/MAP3K12/MAPKAPK3/MBIP/MDFIC/PRKAG2/RPS27A/RPS3/S1PR2/SERTAD1/SIRT1/TNF/UBA52/UBB/UBC",32
"GO:1903214","GO:1903214","regulation of protein targeting to mitochondrion","8/563","44/17913",5.91474060336651e-05,0.00227584298351156,0.00191548972598356,"BAG4/GSK3A/HAX1/HSPA1L/PARL/SREBF2/TOMM7/UBE2D3",8
"GO:1903573","GO:1903573","negative regulation of response to endoplasmic reticulum stress","8/563","44/17913",5.91474060336651e-05,0.00227584298351156,0.00191548972598356,"DERL2/HERPUD1/HSPA1A/HSPA5/PPP1R15A/PPP1R15B/UBE2G2/XBP1",8
"GO:0045598","GO:0045598","regulation of fat cell differentiation","14/563","131/17913",6.54250310825024e-05,0.00249011878514772,0.00209583744748043,"ASXL1/CCDC85B/DDIT3/GPS2/HNRNPU/ID2/INSIG1/MEX3C/NR1D1/SIRT1/TNF/XBP1/ZFP36/ZFP36L1",14
"GO:0009266","GO:0009266","response to temperature stimulus","19/563","219/17913",6.58823279610611e-05,0.00249011878514772,0.00209583744748043,"ADM/AKT1S1/ATP2A2/BAG4/CAMK2G/DNAJB1/DNAJB4/FOS/HSP90AB1/HSPA1A/HSPA1B/HSPA1L/HSPA2/HSPA8/HSPH1/IER5/NUP133/NUP88/SIRT1",19
"GO:1901987","GO:1901987","regulation of cell cycle phase transition","31/563","464/17913",7.05579251900753e-05,0.00264344647795449,0.00222488748406378,"BCL2/BTG2/CDC26/CDK5RAP3/CDKN1C/CDKN2D/CNOT7/CTDSP2/DDX3X/DUSP1/DYNLL1/GADD45A/HAUS6/HSPA2/ID2/LSM10/MAPRE1/MEPCE/MIIP/NDE1/PCM1/PLCB1/PLK2/PLK3/RFWD3/RPL26/SIN3A/TUBA1A/TUBA4A/ZFP36L1/ZNF207",31
"GO:0032392","GO:0032392","DNA geometric change","11/563","86/17913",7.76418203100452e-05,0.00286832792315941,0.00241416156886453,"CHD2/CHD3/DDX3X/GTF2H5/HELB/HNRNPA2B1/RPS27A/RUVBL1/UBA52/UBB/UBC",11
"GO:0033119","GO:0033119","negative regulation of RNA splicing","6/563","24/17913",7.79035446233884e-05,0.00286832792315941,0.00241416156886453,"HNRNPA2B1/RPS13/SAP18/SRSF6/SRSF7/U2AF2",6
"GO:0045444","GO:0045444","fat cell differentiation","19/563","222/17913",7.90841233184638e-05,0.0028869084674629,0.00242980010015793,"ARL4A/ASXL1/CCDC85B/DDIT3/GPS2/HNRNPU/ID2/INSIG1/MEX3C/NR1D1/NR4A1/PLCB1/SIRT1/TMEM120A/TMEM120B/TNF/XBP1/ZFP36/ZFP36L1",19
"GO:0045646","GO:0045646","regulation of erythrocyte differentiation","8/563","47/17913",9.66076012304841e-05,0.00349670393945252,0.00294304155398843,"ANKRD54/HSPA1A/HSPA1B/ID2/KLF13/STAT3/ZFP36/ZFP36L1",8
"GO:1900153","GO:1900153","positive regulation of nuclear-transcribed mRNA catabolic process, deadenylation-dependent decay","5/563","16/17913",9.86889906097663e-05,0.00354202251171691,0.00298118445760594,"BTG2/CNOT7/TOB1/ZFP36/ZFP36L1",5
"GO:0022618","GO:0022618","ribonucleoprotein complex assembly","18/563","209/17913",0.00011177559945933,0.00395749377456118,0.00333087067989166,"ATXN2L/C9orf72/CIRBP/CNOT7/CRNKL1/DDX3X/EIF2A/EIF5/HSP90AB1/MRPS2/RPL11/RPL5/RPS14/SBDS/SF1/SRSF5/SRSF6/TAF9",18
"GO:0072655","GO:0072655","establishment of protein localization to mitochondrion","13/563","121/17913",0.000112118179986397,0.00395749377456118,0.00333087067989166,"BAG4/BCL2/COX18/DDIT3/GSK3A/HAX1/HSPA1L/PARL/PMAIP1/SREBF2/TOMM7/UBE2D3/YWHAQ",13
"GO:0032508","GO:0032508","DNA duplex unwinding","10/563","76/17913",0.000128442485090592,0.00449653978542555,0.00378456502661234,"CHD2/CHD3/DDX3X/GTF2H5/HELB/RPS27A/RUVBL1/UBA52/UBB/UBC",10
"GO:0007050","GO:0007050","cell cycle arrest","19/563","231/17913",0.000133797437256559,0.00464592564652653,0.00391029737467821,"BTG2/CALR/CCNK/CDKN1C/CDKN2D/CNOT7/CRLF3/DDIT3/DUSP1/GADD45A/HSP90AB1/ID2/IRF1/PLK2/PLK3/PPP1R15A/PRKAG2/RPL26/TBRG4",19
"GO:0045787","GO:0045787","positive regulation of cell cycle","26/563","373/17913",0.000136528947538176,0.00470254141077056,0.00395794869136563,"BTG2/CALR/CCND3/CCNK/CITED2/CNOT7/CRLF3/DDX3X/DYNLT3/EIF4E/FLT3LG/GADD45A/HNRNPU/HSP90AB1/HSPA2/ID2/LSM10/MEPCE/PLCB1/PLK2/PLK3/PPP1R10/RAD23A/RPL26/SFPQ/SIN3A",26
"GO:0033044","GO:0033044","regulation of chromosome organization","23/563","311/17913",0.000138623436585799,0.00473648558126356,0.0039865181973937,"AKAP8/BCL6/CCT4/CDC26/DUSP1/HNRNPA1/HNRNPA2B1/HNRNPC/HNRNPU/LMNA/MTHFR/PHF1/PHF2/PNKP/PPP1R10/SETD1A/SFPQ/SIN3A/SIRT1/TAF7/TCP1/ZNF207/ZNF274",23
"GO:0051403","GO:0051403","stress-activated MAPK cascade","21/563","271/17913",0.000140650959045243,0.00476762100065265,0.00401272368537598,"DUSP1/DVL2/GADD45A/GADD45B/GADD45G/GPS2/IGBP1/IRAK4/MAP3K12/MDFIC/PLCB1/RPS27A/RPS3/STK25/TNF/UBA52/UBB/UBC/ZFP36/ZFP36L1/ZNF622",21
"GO:0016073","GO:0016073","snRNA metabolic process","10/563","77/17913",0.000143529991469096,0.00482690231153156,0.00406261849040167,"CCNK/GTF2A1/INTS4/INTS6/INTS8/MEPCE/SNAPC2/TAF11/TAF9/ZNF143",10
"GO:0036498","GO:0036498","IRE1-mediated unfolded protein response","9/563","63/17913",0.00014638261491754,0.0048465127776187,0.00407912386734719,"ADD1/CTDSP2/DNAJB11/FKBP14/GSK3A/HSPA5/LMNA/TSPYL2/XBP1",9
"GO:0071277","GO:0071277","cellular response to calcium ion","9/563","63/17913",0.00014638261491754,0.0048465127776187,0.00407912386734719,"ADD1/CACYBP/FOS/FOSB/HSPA5/JUN/JUNB/JUND/RASA4",9
"GO:0048545","GO:0048545","response to steroid hormone","26/563","375/17913",0.000148707151581458,0.00486456034472085,0.00409431381217802,"ADM/BCL2/BUD31/CALR/DDIT4/DDX5/DUSP1/EIF4E/ERRFI1/ESRRA/FOS/FOSB/HNRNPU/LBH/NR1D1/NR1D2/NR3C2/NR4A1/RARG/SIRT1/STRN3/TAF7/TNF/TXNIP/ZFP36/ZFP36L1",26
"GO:0042176","GO:0042176","regulation of protein catabolic process","25/563","354/17913",0.000149205667328127,0.00486456034472085,0.00409431381217802,"ADAM8/CDK5RAP3/DERL2/EEF1A1/GSK3A/HERPUD1/HSP90AB1/HSPA1A/MYLIP/OAZ2/ODC1/PLK2/PLK3/RAB7A/RAD23A/RPL11/RPL5/SOCS5/STX5/TAF9/TNF/TRIM39/UBB/UBE2G2/ZFAND2A",25
"GO:0006417","GO:0006417","regulation of translation","27/563","397/17913",0.00015307608507126,0.00495293908590418,0.00416869880796135,"ATF4/BTG2/CALR/CIRBP/DDX3X/EIF1/EIF2A/EIF4A2/EIF4E/EIF5/MKNK2/NGDN/NOTCH4/PPP1R15A/PPP1R15B/RBM4/RBM8A/RPL26/RPL5/RPS14/RPS3/STAT3/TNF/TOB1/USP16/ZFP36/ZFP36L1",27
"GO:0070585","GO:0070585","protein localization to mitochondrion","13/563","125/17913",0.00015608998008768,0.00501248349589835,0.00421881505341849,"BAG4/BCL2/COX18/DDIT3/GSK3A/HAX1/HSPA1L/PARL/PMAIP1/SREBF2/TOMM7/UBE2D3/YWHAQ",13
"GO:1903008","GO:1903008","organelle disassembly","10/563","78/17913",0.00016008467738271,0.005102400426131,0.00429449468391166,"GBF1/GSK3A/HAX1/KIF5B/MTIF3/PLK3/SQSTM1/SREBF2/STX5/TOMM7",10
"GO:0061013","GO:0061013","regulation of mRNA catabolic process","16/563","178/17913",0.000162071238181147,0.00512745376497539,0.00431558111803989,"BTG2/CIRBP/CNOT7/HNRNPA0/HNRNPC/HNRNPU/HSPA1A/HSPA8/RPS27A/TBRG4/TOB1/UBA52/UBB/UBC/ZFP36/ZFP36L1",16
"GO:0036500","GO:0036500","ATF6-mediated unfolded protein response","4/563","10/17913",0.000174327042728615,0.00543467736856874,0.00457415943848038,"CALR/DDIT3/HSPA5/XBP1",4
"GO:0060213","GO:0060213","positive regulation of nuclear-transcribed mRNA poly(A) tail shortening","4/563","10/17913",0.000174327042728615,0.00543467736856874,0.00457415943848038,"BTG2/CNOT7/TOB1/ZFP36",4
"GO:1900151","GO:1900151","regulation of nuclear-transcribed mRNA catabolic process, deadenylation-dependent decay","5/563","18/17913",0.000183742593354844,0.00568670011752565,0.00478627731736684,"BTG2/CNOT7/TOB1/ZFP36/ZFP36L1",5
"GO:0031098","GO:0031098","stress-activated protein kinase signaling cascade","21/563","278/17913",0.000200112219512815,0.00614877186718872,0.00517518538156958,"DUSP1/DVL2/GADD45A/GADD45B/GADD45G/GPS2/IGBP1/IRAK4/MAP3K12/MDFIC/PLCB1/RPS27A/RPS3/STK25/TNF/UBA52/UBB/UBC/ZFP36/ZFP36L1/ZNF622",21
"GO:0030218","GO:0030218","erythrocyte differentiation","12/563","112/17913",0.000209386746255975,0.00638040215337435,0.00537013970690296,"ADD1/ANKRD54/BCL6/HSPA1A/HSPA1B/ID2/KLF13/KLF2/RPS14/STAT3/ZFP36/ZFP36L1",12
"GO:0031669","GO:0031669","cellular response to nutrient levels","18/563","220/17913",0.000212790454620507,0.00638040215337435,0.00537013970690296,"ATF3/ATF4/BCL2/FNIP1/HNRNPA1/HSPA5/HSPA8/JUN/KLF10/NUAK2/PMAIP1/PPM1D/SESN1/SIRT1/SLC38A2/SREBF2/WDR45/XBP1",18
"GO:0007623","GO:0007623","circadian rhythm","17/563","201/17913",0.000213626201810474,0.00638040215337435,0.00537013970690296,"ATF4/DBP/EGR1/EGR3/HNRNPU/ID2/JUN/JUND/KLF10/NR1D1/NR1D2/PER3/RBM4/SFPQ/SIAH2/SIN3A/SIRT1",17
"GO:2001020","GO:2001020","regulation of response to DNA damage stimulus","17/563","201/17913",0.000213626201810474,0.00638040215337435,0.00537013970690296,"BCL2/CDKN2D/DDX5/HELB/HIC1/IER3/KLHL15/NUDT16L1/PMAIP1/PPP1R10/RFWD3/RPL26/RPS3/SIRT1/SNAI1/TAF9/TPT1",17
"GO:0006469","GO:0006469","negative regulation of protein kinase activity","18/563","222/17913",0.00023793759432235,0.00705716295382471,0.00593974330855868,"AKT1S1/CDK5RAP3/CDKN1C/CDKN2D/DUSP1/ERRFI1/GADD45A/GADD45B/GGNBP2/GMFB/GPS2/HEXIM1/MBIP/PRKAG2/SIRT1/SOCS3/SOCS5/TAF7",18
"GO:0048025","GO:0048025","negative regulation of mRNA splicing, via spliceosome","5/563","19/17913",0.000242952198603003,0.00715619889816155,0.00602309806337027,"HNRNPA2B1/SAP18/SRSF6/SRSF7/U2AF2",5
"GO:0042770","GO:0042770","signal transduction in response to DNA damage","13/563","131/17913",0.000249527600669376,0.00726972917540556,0.00611865214211142,"BTG2/CNOT7/DDX5/GADD45A/HIC1/NDRG1/PLK2/PLK3/PMAIP1/PPM1D/RPL26/SIRT1/SNAI1",13
"GO:2001234","GO:2001234","negative regulation of apoptotic signaling pathway","18/563","223/17913",0.00025145600979032,0.00726972917540556,0.00611865214211142,"BCL2/CDKN2D/DDX3X/GCLM/HERPUD1/HSPA1A/HSPA1B/LMNA/MNT/SIAH2/SIRT1/SNAI1/TAF9/TMBIM1/TNF/TPT1/TRADD/XBP1",18
"GO:0019058","GO:0019058","viral life cycle","23/563","324/17913",0.000251912881751352,0.00726972917540556,0.00611865214211142,"BCL2/CCNK/CHMP1B/CNOT7/DDX3X/DDX5/EFNB2/HSP90AB1/HSPA1A/HSPA1B/HSPA8/ITGA5/NUP133/NUP88/RAB7A/RAD23A/RPS27A/STAU1/TNF/TRIM8/UBA52/UBB/UBC",23
"GO:0071383","GO:0071383","cellular response to steroid hormone stimulus","19/563","243/17913",0.000257100336302828,0.00736963447214348,0.0062027385974861,"BUD31/CALR/DDIT4/DDX5/EIF4E/ERRFI1/ESRRA/HNRNPU/LBH/NR1D1/NR1D2/NR3C2/NR4A1/RARG/SIRT1/STRN3/TAF7/ZFP36/ZFP36L1",19
"GO:0000185","GO:0000185","activation of MAPKKK activity","4/563","11/17913",0.000267144486923938,0.00749508219074846,0.00630832312940542,"GADD45A/GADD45B/GADD45G/TNF",4
"GO:0090084","GO:0090084","negative regulation of inclusion body assembly","4/563","11/17913",0.000267144486923938,0.00749508219074846,0.00630832312940542,"DNAJB1/HSPA1A/HSPA1B/HSPA2",4
"GO:1990440","GO:1990440","positive regulation of transcription from RNA polymerase II promoter in response to endoplasmic reticulum stress","4/563","11/17913",0.000267144486923938,0.00749508219074846,0.00630832312940542,"ATF3/ATF4/DDIT3/HSPA5",4
"GO:0017015","GO:0017015","regulation of transforming growth factor beta receptor signaling pathway","12/563","115/17913",0.000268496271408222,0.00749508219074846,0.00630832312940542,"CDKN1C/CITED2/HSP90AB1/HSPA1A/HSPA5/LTBP4/RPS27A/SIRT1/SMAD2/UBA52/UBB/UBC",12
"GO:0045926","GO:0045926","negative regulation of growth","19/563","244/17913",0.000270853940533733,0.00751179987025697,0.00632239375887012,"ARHGAP4/BCL2/BCL6/CCDC85B/CDKN2AIP/CDKN2D/CRLF3/DDX3X/GSK3A/HSPA1A/HSPA1B/IFRD1/ING1/RTN4/SERTAD3/SIRT1/SQSTM1/TNF/TSPYL2",19
"GO:0002181","GO:0002181","cytoplasmic translation","9/563","69/17913",0.000296674631488355,0.00810853832426235,0.00682464562159877,"EIF5/RBM4/RPL11/RPL18/RPL18A/RPL19/RPL24/RPL41/RPL8",9
"GO:0006446","GO:0006446","regulation of translational initiation","9/563","69/17913",0.000296674631488355,0.00810853832426235,0.00682464562159877,"ATF4/DDX3X/EIF1/EIF4A2/EIF5/PPP1R15A/PPP1R15B/RBM4/TNF",9
"GO:0009896","GO:0009896","positive regulation of catabolic process","26/563","392/17913",0.000298066147719314,0.00810853832426235,0.00682464562159877,"ABHD5/ADAM8/BTG2/C9orf72/CNOT7/GSK3A/HERPUD1/HSPA1A/MYLIP/OAZ2/PLK2/PLK3/PNPLA2/RAB7A/RAD23A/SIRT1/SOCS5/STX5/TNF/TOB1/TOMM7/TRIM8/ZBTB20/ZFAND2A/ZFP36/ZFP36L1",26
"GO:1902105","GO:1902105","regulation of leukocyte differentiation","20/563","267/17913",0.000314340975501306,0.00846999162396334,0.00712886699671834,"ADAM8/BCL6/EGR3/ESRRA/FLT3LG/FOS/GNAS/HAX1/ID2/IL23A/IRF1/JUN/KLF10/NFKBID/NRARP/PNP/SOCS5/TNF/XBP1/ZFP36L1",20
"GO:1903844","GO:1903844","regulation of cellular response to transforming growth factor beta stimulus","12/563","117/17913",0.000315319285462461,0.00846999162396334,0.00712886699671834,"CDKN1C/CITED2/HSP90AB1/HSPA1A/HSPA5/LTBP4/RPS27A/SIRT1/SMAD2/UBA52/UBB/UBC",12
"GO:0071364","GO:0071364","cellular response to epidermal growth factor stimulus","7/563","43/17913",0.00035184799826477,0.00926244431934671,0.00779584402779308,"BAG4/EEF1A1/ERRFI1/ID1/PLCG1/ZFP36/ZFP36L1",7
"GO:0033120","GO:0033120","positive regulation of RNA splicing","6/563","31/17913",0.000353495299474014,0.00926244431934671,0.00779584402779308,"HSPA1A/HSPA8/PRDX6/SRSF5/TRA2B/U2AF2",6
"GO:1902230","GO:1902230","negative regulation of intrinsic apoptotic signaling pathway in response to DNA damage","6/563","31/17913",0.000353495299474014,0.00926244431934671,0.00779584402779308,"BCL2/CDKN2D/SIRT1/SNAI1/TAF9/TPT1",6
"GO:1902253","GO:1902253","regulation of intrinsic apoptotic signaling pathway by p53 class mediator","6/563","31/17913",0.000353495299474014,0.00926244431934671,0.00779584402779308,"BCL2/RPL11/RPL26/SIRT1/TAF9/UBB",6
"GO:1903362","GO:1903362","regulation of cellular protein catabolic process","18/563","230/17913",0.000366280727216734,0.00948917307287156,0.0079866729211343,"CDK5RAP3/DERL2/GSK3A/HERPUD1/HSP90AB1/HSPA1A/MYLIP/PLK2/PLK3/RAD23A/RPL11/RPL5/SOCS5/TAF9/TRIM39/UBB/UBE2G2/ZFAND2A",18
"GO:0042795","GO:0042795","snRNA transcription by RNA polymerase II","9/563","71/17913",0.000368813563590887,0.00948917307287156,0.0079866729211343,"CCNK/GTF2A1/INTS4/INTS6/INTS8/SNAPC2/TAF11/TAF9/ZNF143",9
"GO:1903313","GO:1903313","positive regulation of mRNA metabolic process","9/563","71/17913",0.000368813563590887,0.00948917307287156,0.0079866729211343,"BTG2/CNOT7/HSPA8/LEO1/PRDX6/TOB1/TRA2B/ZFP36/ZFP36L1",9
"GO:1903749","GO:1903749","positive regulation of establishment of protein localization to mitochondrion","8/563","57/17913",0.000385533304228071,0.00970369566317871,0.00816722835518744,"BCL2/GSK3A/HSPA1L/PMAIP1/SREBF2/TOMM7/UBE2D3/YWHAQ",8
"GO:0031668","GO:0031668","cellular response to extracellular stimulus","19/563","251/17913",0.000386435371815052,0.00970369566317871,0.00816722835518744,"ATF3/ATF4/BCL2/FNIP1/FOS/HNRNPA1/HSPA5/HSPA8/JUN/KLF10/NUAK2/PMAIP1/PPM1D/SESN1/SIRT1/SLC38A2/SREBF2/WDR45/XBP1",19
"GO:2000058","GO:2000058","regulation of ubiquitin-dependent protein catabolic process","13/563","137/17913",0.00038715780656432,0.00970369566317871,0.00816722835518744,"GSK3A/HERPUD1/HSP90AB1/HSPA1A/PLK2/PLK3/RAD23A/RPL11/RPL5/SOCS5/TAF9/TRIM39/ZFAND2A",13
"GO:0006470","GO:0006470","protein dephosphorylation","22/563","313/17913",0.000390527799818344,0.00970369566317871,0.00816722835518744,"BCL2/CAMK2G/CAMTA1/CTDSP2/CYCS/DUSP1/DUSP2/HSP90AB1/IGBP1/PPM1D/PPM1K/PPP1R10/PPP1R15A/PPP1R15B/PPP1R2/PPP1R7/PPP2R5C/PTPN4/RCAN3/SYMPK/TIPRL/TNF",22
"GO:0060211","GO:0060211","regulation of nuclear-transcribed mRNA poly(A) tail shortening","4/563","12/17913",0.000390783342090081,0.00970369566317871,0.00816722835518744,"BTG2/CNOT7/TOB1/ZFP36",4
"GO:0097201","GO:0097201","negative regulation of transcription from RNA polymerase II promoter in response to stress","4/563","12/17913",0.000390783342090081,0.00970369566317871,0.00816722835518744,"CITED2/DNAJB1/HSPA1A/JUN",4
"GO:1904029","GO:1904029","regulation of cyclin-dependent protein kinase activity","10/563","87/17913",0.000395593682445681,0.00976636195217053,0.00821997216642531,"CCND3/CCNK/CCNL1/CDK5RAP3/CDKN1C/CDKN2D/GADD45A/HEXIM1/HSP90AB1/SERTAD1",10
"GO:0034101","GO:0034101","erythrocyte homeostasis","12/563","120/17913",0.000398431900557117,0.00977990027172095,0.00823136685059016,"ADD1/ANKRD54/BCL6/HSPA1A/HSPA1B/ID2/KLF13/KLF2/RPS14/STAT3/ZFP36/ZFP36L1",12
"GO:0032386","GO:0032386","regulation of intracellular transport","26/563","400/17913",0.000405979145671595,0.00990821103521934,0.00833936109755488,"ATP2A2/BAG4/BCAS3/DERL2/DNAJC27/EHD1/GRIPAP1/GSK3A/HAX1/HSPA1L/INSIG1/KIF5B/MDFIC/MYO1C/OAZ2/PARL/PCM1/PLK3/RAP1A/RBM4/SREBF2/TOMM7/UBE2D3/UBE2G2/VAMP2/XPO4",26
"GO:0009301","GO:0009301","snRNA transcription","9/563","72/17913",0.000409968798678725,0.00994873147248202,0.008373465595023,"CCNK/GTF2A1/INTS4/INTS6/INTS8/SNAPC2/TAF11/TAF9/ZNF143",9
"GO:0022613","GO:0022613","ribonucleoprotein complex biogenesis","25/563","381/17913",0.000453838690803552,0.0109511019684857,0.0092171223853353,"ATXN2L/C9orf72/CIRBP/CNOT7/CRNKL1/DDX3X/EIF2A/EIF5/GTF2H5/HSP90AB1/IMP3/MRPS2/RPL11/RPL14/RPL26/RPL5/RPS14/RPS2/SBDS/SF1/SIRT1/SRSF5/SRSF6/TAF9/WDR55",25
"GO:2000045","GO:2000045","regulation of G1/S transition of mitotic cell cycle","15/563","177/17913",0.000483863241041928,0.0116099994521914,0.0097716911186173,"BCL2/BTG2/CDKN2D/CNOT7/CTDSP2/DDX3X/GADD45A/ID2/LSM10/MEPCE/PLCB1/PLK2/PLK3/RFWD3/RPL26",15
"GO:0043516","GO:0043516","regulation of DNA damage response, signal transduction by p53 class mediator","6/563","33/17913",0.00050417142473346,0.0120086345311658,0.0101072069708638,"DDX5/HIC1/PMAIP1/RPL26/SIRT1/SNAI1",6
"GO:0000715","GO:0000715","nucleotide-excision repair, DNA damage recognition","5/563","22/17913",0.00050891192932358,0.0120086345311658,0.0101072069708638,"COPS3/RPS27A/UBA52/UBB/UBC",5
"GO:0000717","GO:0000717","nucleotide-excision repair, DNA duplex unwinding","5/563","22/17913",0.00050891192932358,0.0120086345311658,0.0101072069708638,"GTF2H5/RPS27A/UBA52/UBB/UBC",5
"GO:2001235","GO:2001235","positive regulation of apoptotic signaling pathway","15/563","178/17913",0.000513476002041384,0.0120497582676855,0.0101418192421708,"ATF3/BBC3/BCL2/DDIT3/GSK3A/PMAIP1/PRR7/RPL11/RPL26/RPS3/SFPQ/SIRT1/TRIM39/UBB/YWHAQ",15
"GO:0051090","GO:0051090","regulation of DNA-binding transcription factor activity","27/563","429/17913",0.000521904802044837,0.0121806306531885,0.0102519695080996,"ADAM8/BUD31/CDK5RAP3/DDIT3/DVL2/FOS/HDAC5/HSPA1A/HSPA1B/ID1/ID2/ID3/JUN/NFKBID/RPS27A/RPS3/SGK1/SIGIRR/SIRT1/STAT3/TNF/TRADD/TRAF1/TRIM8/UBA52/UBB/UBC",27
"GO:1903050","GO:1903050","regulation of proteolysis involved in cellular protein catabolic process","16/563","198/17913",0.000538526888619487,0.012500262724423,0.0105209915596999,"DERL2/GSK3A/HERPUD1/HSP90AB1/HSPA1A/PLK2/PLK3/RAD23A/RPL11/RPL5/SOCS5/TAF9/TRIM39/UBB/UBE2G2/ZFAND2A",16
"GO:0048308","GO:0048308","organelle inheritance","4/563","13/17913",0.000550487271203259,0.0126404899747802,0.010639015456475,"GBF1/PLK3/STK25/STX5",4
"GO:0048313","GO:0048313","Golgi inheritance","4/563","13/17913",0.000550487271203259,0.0126404899747802,0.010639015456475,"GBF1/PLK3/STK25/STX5",4
"GO:0072332","GO:0072332","intrinsic apoptotic signaling pathway by p53 class mediator","9/563","75/17913",0.000556685930732719,0.0127144685035264,0.0107012803459174,"BCL2/DDIT4/DDX5/PMAIP1/RPL11/RPL26/SIRT1/TAF9/UBB",9
"GO:0071902","GO:0071902","positive regulation of protein serine/threonine kinase activity","22/563","322/17913",0.000573196124228564,0.0130219183328734,0.0109600490718956,"ADAM8/CCND3/CCNK/DDX3X/DVL2/ERP29/FGF18/GADD45A/GADD45B/GADD45G/HSP90AB1/MAP3K12/MAPKAPK3/MDFIC/RPS27A/RPS3/S1PR2/SIRT1/TNF/UBA52/UBB/UBC",22
"GO:0071156","GO:0071156","regulation of cell cycle arrest","11/563","108/17913",0.000588813638134039,0.0133059420553994,0.0111991009425104,"BTG2/CALR/CCNK/CNOT7/CRLF3/GADD45A/HSP90AB1/ID2/PLK2/PLK3/RPL26",11
"GO:0007254","GO:0007254","JNK cascade","16/563","200/17913",0.000601016041175964,0.0135102079571713,0.0113710237153236,"DVL2/GADD45A/GADD45B/GADD45G/GPS2/IRAK4/MAP3K12/MDFIC/PLCB1/RPS27A/RPS3/TNF/UBA52/UBB/UBC/ZNF622",16
"GO:0070849","GO:0070849","response to epidermal growth factor","7/563","47/17913",0.000616182857859353,0.0137786229629178,0.0115969383278572,"BAG4/EEF1A1/ERRFI1/ID1/PLCG1/ZFP36/ZFP36L1",7
"GO:0030098","GO:0030098","lymphocyte differentiation","22/563","325/17913",0.000648744391936301,0.0144311838435414,0.0121461737854302,"ADAM8/BCL2/BCL6/EGR1/EGR3/FLT3LG/FNIP1/GPS2/HDAC5/ID2/IL23A/IRF1/KLF6/NFKBID/NRARP/PNP/PRR7/SEMA4A/SOCS5/STAT3/XBP1/ZFP36L1",22
"GO:0032434","GO:0032434","regulation of proteasomal ubiquitin-dependent protein catabolic process","11/563","110/17913",0.000687891647220827,0.0152227213745086,0.0128123805577263,"GSK3A/HERPUD1/HSP90AB1/HSPA1A/PLK2/PLK3/RAD23A/RPL11/SOCS5/TAF9/ZFAND2A",11
"GO:0070423","GO:0070423","nucleotide-binding oligomerization domain containing signaling pathway","6/563","35/17913",0.000700592924344009,0.0154238782467694,0.0129816865796787,"HSPA1A/HSPA1B/RPS27A/UBA52/UBB/UBC",6
"GO:0007179","GO:0007179","transforming growth factor beta receptor signaling pathway","15/563","184/17913",0.000725685682133208,0.0158863823973548,0.0133709585791487,"CDKN1C/CITED2/FOS/HSP90AB1/HSPA1A/HSPA5/ID1/JUN/LTBP4/RPS27A/SIRT1/SMAD2/UBA52/UBB/UBC",15
"GO:0001933","GO:0001933","negative regulation of protein phosphorylation","26/563","416/17913",0.000729040259864563,0.0158863823973548,0.0133709585791487,"AKT1S1/ATF3/C9orf72/CDK5RAP3/CDKN1C/CDKN2D/CTDSP2/DDIT4/DUSP1/ERRFI1/GADD45A/GADD45B/GGNBP2/GMFB/GPS2/HEXIM1/IGBP1/JUN/MBIP/MYADM/PPP1R15B/PRKAG2/SIRT1/SOCS3/SOCS5/TAF7",26
"GO:2001243","GO:2001243","negative regulation of intrinsic apoptotic signaling pathway","10/563","94/17913",0.000735200545844034,0.0159071075346689,0.0133884021321013,"BCL2/CDKN2D/DDX3X/HERPUD1/HSPA1A/SIRT1/SNAI1/TAF9/TPT1/XBP1",10
"GO:0031330","GO:0031330","negative regulation of cellular catabolic process","18/563","244/17913",0.000737440246280601,0.0159071075346689,0.0133884021321013,"BCL2/CDK5RAP3/CIRBP/DDIT4/DERL2/GSK3A/HNRNPA0/HNRNPC/HNRNPU/HSP90AB1/RPL11/RPL5/STAT3/TAF9/TOB1/TRIM39/UBE2G2/ZFP36",18
"GO:0006839","GO:0006839","mitochondrial transport","17/563","224/17913",0.000747553987129593,0.0159709637244851,0.0134421474372122,"BAG4/BCL2/GSK3A/HAX1/HEBP2/HSPA1A/HSPA1L/MID1IP1/MRPL18/PARL/PMAIP1/PRKAG2/SREBF2/STAT3/TOMM7/UBE2D3/YWHAQ",17
"GO:0035358","GO:0035358","regulation of peroxisome proliferator activated receptor signaling pathway","4/563","14/17913",0.000751618756408686,0.0159709637244851,0.0134421474372122,"ASXL1/CITED2/GPS2/SIRT1",4
"GO:0043517","GO:0043517","positive regulation of DNA damage response, signal transduction by p53 class mediator","4/563","14/17913",0.000751618756408686,0.0159709637244851,0.0134421474372122,"DDX5/HIC1/PMAIP1/RPL26",4
"GO:0007051","GO:0007051","spindle organization","13/563","147/17913",0.000758803026327229,0.0160438006210079,0.0135034514586112,"CHD3/CHMP1B/HAUS6/HNRNPU/HSPA1A/HSPA1B/MLH1/PLK2/RPS3/SBDS/SUN2/TBCE/ZNF207",13
"GO:0036003","GO:0036003","positive regulation of transcription from RNA polymerase II promoter in response to stress","5/563","24/17913",0.000779843647896311,0.0164074493604194,0.0138095206511066,"ATF3/ATF4/DDIT3/HSPA5/KLF2",5
"GO:0002755","GO:0002755","MyD88-dependent toll-like receptor signaling pathway","6/563","36/17913",0.000818664940285414,0.0170255417885579,0.0143297453346129,"IRAK4/IRF1/RPS27A/UBA52/UBB/UBC",6
"GO:0035872","GO:0035872","nucleotide-binding domain, leucine rich repeat containing receptor signaling pathway","6/563","36/17913",0.000818664940285414,0.0170255417885579,0.0143297453346129,"HSPA1A/HSPA1B/RPS27A/UBA52/UBB/UBC",6
"GO:0061136","GO:0061136","regulation of proteasomal protein catabolic process","14/563","167/17913",0.000821180428106514,0.0170255417885579,0.0143297453346129,"DERL2/GSK3A/HERPUD1/HSP90AB1/HSPA1A/PLK2/PLK3/RAD23A/RPL11/SOCS5/TAF9/UBB/UBE2G2/ZFAND2A",14
"GO:0016570","GO:0016570","histone modification","26/563","420/17913",0.000838509696785037,0.0173008449998497,0.0145614574854864,"AKAP8/ASXL1/BCL6/BRD1/HDAC5/ING3/LEO1/LMNA/MAP3K12/MBIP/MTHFR/PHF1/PHF2/RING1/RUVBL1/SETD1A/SFPQ/SIN3A/SIRT1/TAF7/TAF9/UBE2A/USP16/USP3/UTY/ZNF274",26
"GO:0051092","GO:0051092","positive regulation of NF-kappaB transcription factor activity","13/563","149/17913",0.000861103030212014,0.0176815915482477,0.0148819172478443,"ADAM8/HSPA1A/HSPA1B/RPS27A/RPS3/STAT3/TNF/TRADD/TRAF1/TRIM8/UBA52/UBB/UBC",13
"GO:0090316","GO:0090316","positive regulation of intracellular protein transport","13/563","150/17913",0.000916442068033639,0.018727866375941,0.01576252662974,"BCAS3/GSK3A/HSPA1L/KIF5B/MYO1C/OAZ2/PCM1/PLK3/SREBF2/TOMM7/UBE2D3/VAMP2/XPO4",13
"GO:2001252","GO:2001252","positive regulation of chromosome organization","14/563","169/17913",0.000922653494383728,0.0187650146405376,0.0157937928988493,"AKAP8/BCL6/CCT4/HNRNPA1/HNRNPA2B1/HNRNPU/LMNA/PHF1/PNKP/PPP1R10/SFPQ/SIN3A/SIRT1/TCP1",14
"GO:0022411","GO:0022411","cellular component disassembly","29/563","492/17913",0.000935113480307361,0.0189282922957002,0.0159312174370149,"ADAM8/ADD1/C12orf65/CDK5RAP3/CHMP1B/DDIT4/DVL2/EPS8/FRAT1/FRAT2/GBF1/GSK3A/HAX1/HSPA2/HSPA8/KIF5B/MID1IP1/MRPL18/MRPL2/MRPL23/MRPS2/MRPS36/MTIF3/PLK3/SQSTM1/SREBF2/STX5/TNF/TOMM7",29
"GO:0045672","GO:0045672","positive regulation of osteoclast differentiation","5/563","25/17913",0.000949854882870639,0.0189901565124292,0.0159832861748009,"FOS/GNAS/IL23A/KLF10/TNF",5
"GO:0060669","GO:0060669","embryonic placenta morphogenesis","5/563","25/17913",0.000949854882870639,0.0189901565124292,0.0159832861748009,"ADM/CDKN1C/SOCS3/SPINT2/ZFP36L1",5
"GO:1905898","GO:1905898","positive regulation of response to endoplasmic reticulum stress","6/563","37/17913",0.000951508661592098,0.0189901565124292,0.0159832861748009,"DDIT3/HERPUD1/PMAIP1/PPP1R15A/SIRT1/XBP1",6
"GO:2001236","GO:2001236","regulation of extrinsic apoptotic signaling pathway","13/563","151/17913",0.000974730722394788,0.0193631391411541,0.0162972113438345,"ATF3/BCL2/GCLM/HSPA1A/HSPA1B/LMNA/PMAIP1/SIAH2/STX4/TMBIM1/TNF/TRADD/TRAF1",13
"GO:1903533","GO:1903533","regulation of protein targeting","9/563","81/17913",0.000979412251056397,0.0193660635382494,0.0162996726966744,"BAG4/GSK3A/HAX1/HSPA1L/MYO1C/PARL/SREBF2/TOMM7/UBE2D3",9
"GO:0032781","GO:0032781","positive regulation of ATPase activity","7/563","51/17913",0.00101805534235362,0.0199454787485886,0.0167873442498195,"DNAJB1/DNAJB11/DNAJB4/HNRNPU/HSPA2/TOR1AIP1/TOR1AIP2",7
"GO:0045599","GO:0045599","negative regulation of fat cell differentiation","7/563","51/17913",0.00101805534235362,0.0199454787485886,0.0167873442498195,"ASXL1/CCDC85B/DDIT3/GPS2/INSIG1/SIRT1/TNF",7
"GO:0006970","GO:0006970","response to osmotic stress","9/563","82/17913",0.00107016544039918,0.0208706693878762,0.0175660417157568,"DDX3X/ERRFI1/HSP90AB1/LRRC8D/MBIP/PLK3/TNF/TSC22D3/ZFP36L1",9
"GO:0042769","GO:0042769","DNA damage response, detection of DNA damage","6/563","38/17913",0.00110032315998464,0.0213612737104291,0.0179789645519021,"PNKP/RPS27A/RPS3/UBA52/UBB/UBC",6
"GO:0007249","GO:0007249","I-kappaB kinase/NF-kappaB signaling","18/563","253/17913",0.00111793338743584,0.0215653562409256,0.0181507329881479,"ATP2C1/C18orf32/EEF1D/IRAK4/NFKBID/NKIRAS2/NR1D1/PLK2/RPS27A/SIRT1/SLC20A1/SQSTM1/TNF/TRADD/TRIM8/UBA52/UBB/UBC",18
"GO:0071897","GO:0071897","DNA biosynthetic process","15/563","192/17913",0.00112093399332369,0.0215653562409256,0.0181507329881479,"CCT4/CDKN2D/DUSP1/HNRNPA1/HNRNPA2B1/HNRNPC/HNRNPU/HSP90AB1/PNKP/RPS27A/SIRT1/TCP1/UBA52/UBB/UBC",15
"GO:0070911","GO:0070911","global genome nucleotide-excision repair","5/563","26/17913",0.00114593570202215,0.0219474949925409,0.0184723645145417,"GTF2H5/RPS27A/UBA52/UBB/UBC",5
"GO:0000079","GO:0000079","regulation of cyclin-dependent protein serine/threonine kinase activity","9/563","83/17913",0.00116760530286659,0.0222626886095678,0.0187376508895178,"CCND3/CCNK/CCNL1/CDK5RAP3/CDKN1C/CDKN2D/GADD45A/HEXIM1/SERTAD1",9
"GO:0097191","GO:0097191","extrinsic apoptotic signaling pathway","16/563","213/17913",0.00117848848379794,0.0223703302857822,0.0188282487586898,"ATF3/BCL2/DDX3X/GCLM/GSK3A/HSPA1A/HSPA1B/LMNA/MKNK2/PMAIP1/SIAH2/STX4/TMBIM1/TNF/TRADD/TRAF1",16
"GO:0031331","GO:0031331","positive regulation of cellular catabolic process","22/563","341/17913",0.00121533962857915,0.0229677679365556,0.0193310891085133,"ABHD5/ADAM8/BTG2/C9orf72/CNOT7/GSK3A/HERPUD1/HSPA1A/PLK2/PLK3/PNPLA2/RAD23A/SIRT1/SOCS5/TNF/TOB1/TOMM7/TRIM8/ZBTB20/ZFAND2A/ZFP36/ZFP36L1",22
"GO:0071496","GO:0071496","cellular response to external stimulus","21/563","320/17913",0.00126021745657119,0.0237109636872931,0.0199566084590336,"ATF3/ATF4/BCL2/FNIP1/FOS/GADD45A/HNRNPA1/HSPA5/HSPA8/IRF1/JUN/KLF10/NUAK2/PMAIP1/PPM1D/SESN1/SIRT1/SLC38A2/SREBF2/WDR45/XBP1",21
"GO:0032436","GO:0032436","positive regulation of proteasomal ubiquitin-dependent protein catabolic process","8/563","68/17913",0.00127588881426729,0.0239005312532263,0.0201161602064764,"GSK3A/HERPUD1/HSPA1A/PLK2/PLK3/RAD23A/SOCS5/ZFAND2A",8
"GO:0010821","GO:0010821","regulation of mitochondrion organization","14/563","175/17913",0.0012925465342217,0.0239307911030908,0.0201416287611813,"BAG4/BCL2/GSK3A/HAX1/HSPA1A/HSPA1L/LMNA/PARL/PMAIP1/SQSTM1/SREBF2/TOMM7/UBE2D3/YWHAQ",14
"GO:0016569","GO:0016569","covalent chromatin modification","26/563","433/17913",0.00129908494304999,0.0239307911030908,0.0201416287611813,"AKAP8/ASXL1/BCL6/BRD1/HDAC5/ING3/LEO1/LMNA/MAP3K12/MBIP/MTHFR/PHF1/PHF2/RING1/RUVBL1/SETD1A/SFPQ/SIN3A/SIRT1/TAF7/TAF9/UBE2A/USP16/USP3/UTY/ZNF274",26
"GO:0035304","GO:0035304","regulation of protein dephosphorylation","12/563","137/17913",0.00129952199007111,0.0239307911030908,0.0201416287611813,"CAMTA1/HSP90AB1/IGBP1/PPP1R10/PPP1R15A/PPP1R2/PPP1R7/PPP2R5C/RCAN3/SYMPK/TIPRL/TNF",12
"GO:0090083","GO:0090083","regulation of inclusion body assembly","4/563","16/17913",0.00129991653849615,0.0239307911030908,0.0201416287611813,"DNAJB1/HSPA1A/HSPA1B/HSPA2",4
"GO:1902806","GO:1902806","regulation of cell cycle G1/S phase transition","15/563","195/17913",0.00130984960759868,0.0240101616912188,0.0202084319401378,"BCL2/BTG2/CDKN2D/CNOT7/CTDSP2/DDX3X/GADD45A/ID2/LSM10/MEPCE/PLCB1/PLK2/PLK3/RFWD3/RPL26",15
"GO:0010948","GO:0010948","negative regulation of cell cycle process","22/563","344/17913",0.00135919556879147,0.0247418067884382,0.0208242295487354,"BCL2/BCL6/BTG2/CALR/CCNK/CDK5RAP3/CDKN2D/CNOT7/CTDSP2/DUSP1/GADD45A/HSP90AB1/MIIP/PLK2/PLK3/PPP1R10/RFWD3/RING1/RPL26/UXT/ZFP36L1/ZNF207",22
"GO:0043405","GO:0043405","regulation of MAP kinase activity","21/563","322/17913",0.00136134970622406,0.0247418067884382,0.0208242295487354,"ADAM8/CDK5RAP3/DUSP1/DVL2/ERP29/FGF18/GADD45A/GADD45B/GADD45G/GPS2/MAP3K12/MAPKAPK3/MBIP/MDFIC/RPS27A/RPS3/S1PR2/TNF/UBA52/UBB/UBC",21
"GO:0050686","GO:0050686","negative regulation of mRNA processing","5/563","27/17913",0.00137043850850932,0.0248014528383191,0.0208744313405857,"HNRNPA2B1/SAP18/SRSF6/SRSF7/U2AF2",5
"GO:0051384","GO:0051384","response to glucocorticoid","12/563","139/17913",0.00147237557819901,0.0264871183152405,0.0222931913015678,"ADM/BCL2/DDIT4/DUSP1/EIF4E/ERRFI1/FOS/FOSB/HNRNPU/TNF/ZFP36/ZFP36L1",12
"GO:0043488","GO:0043488","regulation of mRNA stability","13/563","158/17913",0.00147598552072752,0.0264871183152405,0.0222931913015678,"CIRBP/HNRNPA0/HNRNPC/HNRNPU/HSPA1A/HSPA8/RPS27A/TBRG4/UBA52/UBB/UBC/ZFP36/ZFP36L1",13
"GO:0044773","GO:0044773","mitotic DNA damage checkpoint","9/563","86/17913",0.00150366075382637,0.0267588961649685,0.0225219362908643,"BTG2/CDK5RAP3/CNOT7/GADD45A/PLK2/PLK3/PPP1R10/RFWD3/RPL26",9
"GO:1903321","GO:1903321","negative regulation of protein modification by small protein conjugation or removal","9/563","86/17913",0.00150366075382637,0.0267588961649685,0.0225219362908643,"GPS2/HMG20A/HSPA1A/HSPA1B/PRR7/RPL11/RPL5/RPS3/U2AF2",9
"GO:0006367","GO:0006367","transcription initiation from RNA polymerase II promoter","14/563","178/17913",0.00151967246953204,0.026931622893657,0.0226673137517009,"ESRRA/GTF2A1/GTF2H5/NOTCH4/NR1D1/NR1D2/NR3C2/NR4A1/NRBF2/PPM1D/RARG/TAF11/TAF7/TAF9",14
"GO:0001885","GO:0001885","endothelial cell development","7/563","55/17913",0.00160189211792468,0.0282714100646956,0.0237949612123219,"ADD1/ID1/MYADM/NOTCH4/RAP1A/S1PR2/TNF",7
"GO:0036294","GO:0036294","cellular response to decreased oxygen levels","16/563","220/17913",0.00164871972687243,0.0289781150348647,0.024389767672815,"ADAM8/ATF4/BCL2/CITED2/EGR1/LMNA/MALAT1/NDRG1/PLK3/PMAIP1/RPS27A/SIRT1/UBA52/UBB/UBC/ZFP36L1",16
"GO:0048872","GO:0048872","homeostasis of number of cells","17/563","241/17913",0.0016639249023667,0.0291255051557712,0.0245138202829262,"ADD1/ANKRD54/ASXL1/BCL2/BCL6/FLT3LG/HSPA1A/HSPA1B/ID2/KLF13/KLF2/PMAIP1/RPS14/STAT3/TSC22D3/ZFP36/ZFP36L1",17
"GO:0006979","GO:0006979","response to oxidative stress","26/563","442/17913",0.00173370073548129,0.0302230034336351,0.025437542477631,"ATF4/ATP2A2/BCL2/CYCS/DUSP1/FOS/GCLM/HSPA1A/HSPA1B/JUN/KLF2/PLK3/PNKP/PPP1R15B/PRDX6/RPS3/SESN1/SFPQ/SIN3A/SIRT1/STAU1/STK25/STX4/TNF/TXNIP/ZNF622",26
"GO:0016049","GO:0016049","cell growth","27/563","466/17913",0.00177066416520386,0.0307418969495353,0.0258742752424954,"ARHGAP4/BCL2/BCL6/C9orf72/CCDC85B/CDK11A/CDK11B/CDKN2AIP/CDKN2D/CRLF3/DDX3X/DERL2/GSK3A/HSP90AB1/HSPA1A/HSPA1B/IFRD1/ING1/LTBP4/MEX3C/RARG/RTN4/SERTAD3/SGK1/SIRT1/TAF9/TSPYL2",27
"GO:0034504","GO:0034504","protein localization to nucleus","16/563","223/17913",0.00189378110506688,0.032704729989406,0.0275263165076147,"CALR/CCT4/CDK5RAP3/HNRNPU/LMNA/MDFIC/PPP1R10/RPL11/SIN3A/STAT3/SUN2/TCP1/TOR1AIP1/TOR1AIP2/TRIM8/TXNIP",16
"GO:0048511","GO:0048511","rhythmic process","19/563","287/17913",0.00190753800179864,0.032704729989406,0.0275263165076147,"ATF4/DBP/DDX5/EGR1/EGR3/HNRNPU/HSPA5/ID2/JUN/JUND/KLF10/NR1D1/NR1D2/PER3/RBM4/SFPQ/SIAH2/SIN3A/SIRT1",19
"GO:0006294","GO:0006294","nucleotide-excision repair, preincision complex assembly","5/563","29/17913",0.00191434851260864,0.032704729989406,0.0275263165076147,"GTF2H5/RPS27A/UBA52/UBB/UBC",5
"GO:0035666","GO:0035666","TRIF-dependent toll-like receptor signaling pathway","5/563","29/17913",0.00191434851260864,0.032704729989406,0.0275263165076147,"RPS27A/UBA52/UBB/UBC/UBE2D3",5
"GO:0043487","GO:0043487","regulation of RNA stability","13/563","163/17913",0.00195190789097815,0.0332135402484768,0.0279545625820524,"CIRBP/HNRNPA0/HNRNPC/HNRNPU/HSPA1A/HSPA8/RPS27A/TBRG4/UBA52/UBB/UBC/ZFP36/ZFP36L1",13
"GO:0070555","GO:0070555","response to interleukin-1","14/563","183/17913",0.00197179125634519,0.0334187319676599,0.0281272645798614,"CD47/EGR1/IGBP1/IRAK4/KLF2/MTHFR/NR1D1/PLCB1/RPS27A/SQSTM1/TAF9/UBA52/UBB/UBC",14
"GO:0009895","GO:0009895","negative regulation of catabolic process","19/563","288/17913",0.00198426266762834,0.0334971772863267,0.0281932889950105,"BCL2/CDK5RAP3/CIRBP/DDIT4/DERL2/GSK3A/HNRNPA0/HNRNPC/HNRNPU/HSP90AB1/RPL11/RPL5/STAT3/TAF9/TNF/TOB1/TRIM39/UBE2G2/ZFP36",19
"GO:0034660","GO:0034660","ncRNA metabolic process","27/563","470/17913",0.00199811301473546,0.0335981916769101,0.0282783089321244,"CCNK/DALRD3/FTSJ1/GTF2A1/GTF2H5/HNRNPA2B1/IMP3/INTS4/INTS6/INTS8/MEPCE/RPL11/RPL14/RPL26/RPL5/RPS14/RPS2/SBDS/SIRT1/SMAD2/SNAPC2/TAF11/TAF9/TRNT1/WDR55/YARS2/ZNF143",27
"GO:0044766","GO:0044766","multi-organism transport","8/563","73/17913",0.00202406968075797,0.0337651197427002,0.0284188058808663,"NUP133/NUP88/RAB7A/RPS27A/TCP1/UBA52/UBB/UBC",8
"GO:1902579","GO:1902579","multi-organism localization","8/563","73/17913",0.00202406968075797,0.0337651197427002,0.0284188058808663,"NUP133/NUP88/RAB7A/RPS27A/TCP1/UBA52/UBB/UBC",8
"GO:0050792","GO:0050792","regulation of viral process","15/563","204/17913",0.00204407710924392,0.0337651197427002,0.0284188058808663,"BCL2/CCNK/CNOT7/DDX3X/DDX5/HSPA8/JUN/MDFIC/RAB7A/RAD23A/STAU1/TAF11/TNF/TRIM8/ZFP36",15
"GO:0045619","GO:0045619","regulation of lymphocyte differentiation","13/563","164/17913",0.0020608320735162,0.0337651197427002,0.0284188058808663,"ADAM8/BCL6/EGR3/FLT3LG/ID2/IL23A/IRF1/NFKBID/NRARP/PNP/SOCS5/XBP1/ZFP36L1",13
"GO:0044774","GO:0044774","mitotic DNA integrity checkpoint","9/563","90/17913",0.00206814244271049,0.0337651197427002,0.0284188058808663,"BTG2/CDK5RAP3/CNOT7/GADD45A/PLK2/PLK3/PPP1R10/RFWD3/RPL26",9
"GO:0034063","GO:0034063","stress granule assembly","4/563","18/17913",0.0020791914053688,0.0337651197427002,0.0284188058808663,"ATXN2L/C9orf72/CIRBP/DDX3X",4
"GO:0042276","GO:0042276","error-prone translesion synthesis","4/563","18/17913",0.0020791914053688,0.0337651197427002,0.0284188058808663,"RPS27A/UBA52/UBB/UBC",4
"GO:0043555","GO:0043555","regulation of translation in response to stress","4/563","18/17913",0.0020791914053688,0.0337651197427002,0.0284188058808663,"ATF4/PPP1R15A/PPP1R15B/RBM4",4
"GO:1902165","GO:1902165","regulation of intrinsic apoptotic signaling pathway in response to DNA damage by p53 class mediator","4/563","18/17913",0.0020791914053688,0.0337651197427002,0.0284188058808663,"BCL2/RPL26/SIRT1/TAF9",4
"GO:0051592","GO:0051592","response to calcium ion","11/563","126/17913",0.00209295785290703,0.0338599355672952,0.0284986087227971,"ADD1/CACYBP/DUSP1/FOS/FOSB/HSPA5/JUN/JUNB/JUND/RASA4/TXNIP",11
"GO:0002262","GO:0002262","myeloid cell homeostasis","12/563","145/17913",0.00210813915879074,0.0339768390460198,0.0285970018958108,"ADD1/ANKRD54/BCL6/HSPA1A/HSPA1B/ID2/KLF13/KLF2/RPS14/STAT3/ZFP36/ZFP36L1",12
"GO:0010883","GO:0010883","regulation of lipid storage","6/563","43/17913",0.0021284464301241,0.0340471711725095,0.028656197748369,"ABHD5/EHD1/PNPLA2/SIRT1/SREBF2/TNF",6
"GO:1902373","GO:1902373","negative regulation of mRNA catabolic process","6/563","43/17913",0.0021284464301241,0.0340471711725095,0.028656197748369,"CIRBP/HNRNPA0/HNRNPC/HNRNPU/TOB1/ZFP36",6
"GO:0007093","GO:0007093","mitotic cell cycle checkpoint","12/563","147/17913",0.00236425864758676,0.0376781667307576,0.031712267405769,"BTG2/CDK5RAP3/CNOT7/DUSP1/GADD45A/PLK2/PLK3/PPP1R10/RFWD3/RPL24/RPL26/ZNF207",12
"GO:0071248","GO:0071248","cellular response to metal ion","13/563","167/17913",0.0024180268241197,0.0383917939249638,0.0323129000366613,"ADD1/ATF4/CACYBP/CALR/FOS/FOSB/HSPA5/ID2/JUN/JUNB/JUND/RASA4/UBE2D3",13
"GO:0043406","GO:0043406","positive regulation of MAP kinase activity","17/563","250/17913",0.00244893203338936,0.0387384767207628,0.0326046896453204,"ADAM8/DVL2/ERP29/FGF18/GADD45A/GADD45B/GADD45G/MAP3K12/MAPKAPK3/MDFIC/RPS27A/RPS3/S1PR2/TNF/UBA52/UBB/UBC",17
"GO:0070987","GO:0070987","error-free translesion synthesis","4/563","19/17913",0.00256885519383968,0.0404855370217317,0.0340751232742766,"RPS27A/UBA52/UBB/UBC",4
"GO:0045621","GO:0045621","positive regulation of lymphocyte differentiation","9/563","93/17913",0.00259321634708331,0.0405463603117691,0.0341263159040016,"ADAM8/BCL6/EGR3/FLT3LG/IL23A/NFKBID/PNP/SOCS5/XBP1",9
"GO:0006369","GO:0006369","termination of RNA polymerase II transcription","5/563","31/17913",0.00260119473786578,0.0405463603117691,0.0341263159040016,"CSTF1/LSM10/PABPN1/PCF11/SYMPK",5
"GO:0045648","GO:0045648","positive regulation of erythrocyte differentiation","5/563","31/17913",0.00260119473786578,0.0405463603117691,0.0341263159040016,"ANKRD54/HSPA1A/HSPA1B/ID2/STAT3",5
"GO:0031397","GO:0031397","negative regulation of protein ubiquitination","8/563","76/17913",0.00261632726892779,0.0406339409657839,0.034200029180434,"GPS2/HSPA1A/HSPA1B/PRR7/RPL11/RPL5/RPS3/U2AF2",8
"GO:0032007","GO:0032007","negative regulation of TOR signaling","6/563","45/17913",0.00269727541152851,0.0416725407543195,0.0350741787763253,"AKT1S1/DDIT4/FNIP1/GSK3A/SESN1/SIRT1",6
"GO:0071456","GO:0071456","cellular response to hypoxia","15/563","210/17913",0.00270271453733236,0.0416725407543195,0.0350741787763253,"ADAM8/BCL2/CITED2/EGR1/LMNA/MALAT1/NDRG1/PLK3/PMAIP1/RPS27A/SIRT1/UBA52/UBB/UBC/ZFP36L1",15
"GO:0043903","GO:0043903","regulation of symbiosis, encompassing mutualism through parasitism","16/563","232/17913",0.00281865795304239,0.0433039140915253,0.0364472431262391,"BCL2/CCNK/CNOT7/DDX3X/DDX5/HSPA8/JUN/MDFIC/RAB7A/RAD23A/SQSTM1/STAU1/TAF11/TNF/TRIM8/ZFP36",16
"GO:1904356","GO:1904356","regulation of telomere maintenance via telomere lengthening","7/563","61/17913",0.00293047660136576,0.0444927275783564,0.0374478218290027,"CCT4/HNRNPA1/HNRNPA2B1/HNRNPC/HNRNPU/PNKP/TCP1",7
"GO:0071560","GO:0071560","cellular response to transforming growth factor beta stimulus","16/563","233/17913",0.00294127666144835,0.0444927275783564,0.0374478218290027,"CDKN1C/CITED2/FOS/HSP90AB1/HSPA1A/HSPA5/ID1/JUN/LTBP4/RPS27A/SIRT1/SMAD2/UBA52/UBB/UBC/ZFP36L1",16
"GO:0043666","GO:0043666","regulation of phosphoprotein phosphatase activity","10/563","113/17913",0.00297573067781784,0.0444927275783564,0.0374478218290027,"HSP90AB1/IGBP1/PPP1R10/PPP1R15A/PPP1R2/PPP1R7/PPP2R5C/RCAN3/TIPRL/TNF",10
"GO:0000226","GO:0000226","microtubule cytoskeleton organization","26/563","460/17913",0.0029865325017847,0.0444927275783564,0.0374478218290027,"BCAS3/CHD3/CHMP1B/EML2/GADD45A/HAUS6/HNRNPU/HSPA1A/HSPA1B/IQCG/LMNA/MAPRE1/MID1IP1/MLH1/NDE1/PCM1/PLK2/PLK3/RASSF7/RPS3/SBDS/SLK/SUN2/TBCE/UXT/ZNF207",26
"GO:0007052","GO:0007052","mitotic spindle organization","9/563","95/17913",0.00299829366079093,0.0444927275783564,0.0374478218290027,"CHMP1B/HNRNPU/HSPA1A/HSPA1B/PLK2/SBDS/SUN2/TBCE/ZNF207",9
"GO:0045069","GO:0045069","regulation of viral genome replication","9/563","95/17913",0.00299829366079093,0.0444927275783564,0.0374478218290027,"BCL2/CCNK/CNOT7/DDX3X/DDX5/HSPA8/RAD23A/STAU1/TNF",9
"GO:0050810","GO:0050810","regulation of steroid biosynthetic process","9/563","95/17913",0.00299829366079093,0.0444927275783564,0.0374478218290027,"ADM/EGR1/INSIG1/NR1D1/SF1/SIRT1/SNAI1/SREBF2/TNF",9
"GO:0097711","GO:0097711","ciliary basal body-plasma membrane docking","9/563","95/17913",0.00299829366079093,0.0444927275783564,0.0374478218290027,"DYNLL1/HAUS6/MAPRE1/NDE1/PCM1/SCLT1/TCTN3/TUBA1A/TUBA4A",9
"GO:0000289","GO:0000289","nuclear-transcribed mRNA poly(A) tail shortening","5/563","32/17913",0.0030044467673295,0.0444927275783564,0.0374478218290027,"BTG2/CNOT7/MLH1/TOB1/ZFP36",5
"GO:1903955","GO:1903955","positive regulation of protein targeting to mitochondrion","5/563","32/17913",0.0030044467673295,0.0444927275783564,0.0374478218290027,"GSK3A/HSPA1L/SREBF2/TOMM7/UBE2D3",5
"GO:0031648","GO:0031648","protein destabilization","6/563","46/17913",0.00302104682690783,0.0444927275783564,0.0374478218290027,"ID1/MYLIP/NR1D1/RAD23A/SIRT1/XBP1",6
"GO:0060711","GO:0060711","labyrinthine layer development","6/563","46/17913",0.00302104682690783,0.0444927275783564,0.0374478218290027,"ADM/GGNBP2/JUNB/SOCS3/SPINT2/ZFP36L1",6
"GO:0045732","GO:0045732","positive regulation of protein catabolic process","14/563","192/17913",0.00306532412050402,0.0445782799125609,0.0375198279464678,"ADAM8/GSK3A/HERPUD1/HSPA1A/MYLIP/OAZ2/PLK2/PLK3/RAB7A/RAD23A/SOCS5/STX5/TNF/ZFAND2A",14
"GO:0030217","GO:0030217","T cell differentiation","16/563","234/17913",0.00306827771357556,0.0445782799125609,0.0375198279464678,"ADAM8/BCL2/BCL6/EGR1/EGR3/IL23A/IRF1/NFKBID/NRARP/PNP/PRR7/SEMA4A/SOCS5/STAT3/XBP1/ZFP36L1",16
"GO:0030512","GO:0030512","negative regulation of transforming growth factor beta receptor signaling pathway","8/563","78/17913",0.00308093305970484,0.0445782799125609,0.0375198279464678,"HSPA1A/HSPA5/RPS27A/SIRT1/SMAD2/UBA52/UBB/UBC",8
"GO:0035357","GO:0035357","peroxisome proliferator activated receptor signaling pathway","4/563","20/17913",0.00313216591841813,0.0445782799125609,0.0375198279464678,"ASXL1/CITED2/GPS2/SIRT1",4
"GO:0060713","GO:0060713","labyrinthine layer morphogenesis","4/563","20/17913",0.00313216591841813,0.0445782799125609,0.0375198279464678,"ADM/SOCS3/SPINT2/ZFP36L1",4
"GO:1901673","GO:1901673","regulation of mitotic spindle assembly","4/563","20/17913",0.00313216591841813,0.0445782799125609,0.0375198279464678,"CHMP1B/HNRNPU/HSPA1A/HSPA1B",4
"GO:0006596","GO:0006596","polyamine biosynthetic process","3/563","10/17913",0.00314166758456587,0.0445782799125609,0.0375198279464678,"OAZ2/ODC1/SAT1",3
"GO:0045647","GO:0045647","negative regulation of erythrocyte differentiation","3/563","10/17913",0.00314166758456587,0.0445782799125609,0.0375198279464678,"KLF13/ZFP36/ZFP36L1",3
"GO:0070862","GO:0070862","negative regulation of protein exit from endoplasmic reticulum","3/563","10/17913",0.00314166758456587,0.0445782799125609,0.0375198279464678,"DERL2/INSIG1/UBE2G2",3
"GO:1902237","GO:1902237","positive regulation of endoplasmic reticulum stress-induced intrinsic apoptotic signaling pathway","3/563","10/17913",0.00314166758456587,0.0445782799125609,0.0375198279464678,"DDIT3/PMAIP1/SIRT1",3
"GO:1903897","GO:1903897","regulation of PERK-mediated unfolded protein response","3/563","10/17913",0.00314166758456587,0.0445782799125609,0.0375198279464678,"HSPA5/PPP1R15A/PPP1R15B",3
"GO:0007178","GO:0007178","transmembrane receptor protein serine/threonine kinase signaling pathway","20/563","323/17913",0.00319219354969933,0.0451452273204166,0.0379970058285925,"CDKN1C/CITED2/DDX5/EGR1/FOS/GDF11/HSP90AB1/HSPA1A/HSPA5/ID1/JUN/LTBP4/RPS27A/SIRT1/SMAD2/TOB1/UBA52/UBB/UBC/UBE2D3",20
"GO:0051091","GO:0051091","positive regulation of DNA-binding transcription factor activity","17/563","257/17913",0.00325473010761242,0.0458777303287545,0.0386135255080646,"ADAM8/BUD31/DDIT3/DVL2/HDAC5/HSPA1A/HSPA1B/RPS27A/RPS3/STAT3/TNF/TRADD/TRAF1/TRIM8/UBA52/UBB/UBC",17
"GO:0010833","GO:0010833","telomere maintenance via telomere lengthening","8/563","79/17913",0.00333606998221348,0.0467159176853567,0.0393189956488664,"CCT4/HNRNPA1/HNRNPA2B1/HNRNPC/HNRNPU/HSP90AB1/PNKP/TCP1",8
"GO:0032204","GO:0032204","regulation of telomere maintenance","8/563","79/17913",0.00333606998221348,0.0467159176853567,0.0393189956488664,"CCT4/HNRNPA1/HNRNPA2B1/HNRNPC/HNRNPU/PNKP/PPP1R10/TCP1",8
"GO:0006576","GO:0006576","cellular biogenic amine metabolic process","6/563","47/17913",0.00337297813945151,0.0470783974954164,0.0396240809983726,"AMD1/DHPS/OAZ2/ODC1/SAT1/SAT2",6
"GO:0002756","GO:0002756","MyD88-independent toll-like receptor signaling pathway","5/563","33/17913",0.00345092450707879,0.047698700872924,0.0401461665531394,"RPS27A/UBA52/UBB/UBC/UBE2D3",5
"GO:0009225","GO:0009225","nucleotide-sugar metabolic process","5/563","33/17913",0.00345092450707879,0.047698700872924,0.0401461665531394,"CSGALNACT1/GSK3A/PMM1/SLC35A3/UGP2",5
"GO:0071353","GO:0071353","cellular response to interleukin-4","5/563","33/17913",0.00345092450707879,0.047698700872924,0.0401461665531394,"HSP90AB1/HSPA5/RPL3/RPS2/XBP1",5
"GO:0071453","GO:0071453","cellular response to oxygen levels","16/563","237/17913",0.00347676117124488,0.0479007966528609,0.0403162628176613,"ADAM8/ATF4/BCL2/CITED2/EGR1/LMNA/MALAT1/NDRG1/PLK3/PMAIP1/RPS27A/SIRT1/UBA52/UBB/UBC/ZFP36L1",16
"GO:0031571","GO:0031571","mitotic G1 DNA damage checkpoint","7/563","63/17913",0.0035220925759766,0.0480602472587733,0.0404504662752987,"BTG2/CNOT7/GADD45A/PLK2/PLK3/RFWD3/RPL26",7
"GO:0035914","GO:0035914","skeletal muscle cell differentiation","7/563","63/17913",0.0035220925759766,0.0480602472587733,0.0404504662752987,"ATF3/BTG2/DDX5/EGR1/FOS/MAFF/NR1D2",7
"GO:0044819","GO:0044819","mitotic G1/S transition checkpoint","7/563","63/17913",0.0035220925759766,0.0480602472587733,0.0404504662752987,"BTG2/CNOT7/GADD45A/PLK2/PLK3/RFWD3/RPL26",7
"GO:0031667","GO:0031667","response to nutrient levels","26/563","466/17913",0.00354670864868206,0.0482420147723602,0.0406034530179324,"ADM/ATF3/ATF4/BCL2/CDKN2D/DDIT3/EIF2A/FNIP1/GCLM/HNRNPA1/HSPA5/HSPA8/JUN/KLF10/MTHFR/NUAK2/PMAIP1/PPM1D/SESN1/SIRT1/SLC38A2/SREBF2/SRSF2/WDR45/XBP1/ZFP36",26
"GO:1902850","GO:1902850","microtubule cytoskeleton organization involved in mitosis","10/563","116/17913",0.00359753276506579,0.0486018242688091,0.0409062908669197,"CHMP1B/HNRNPU/HSPA1A/HSPA1B/NDE1/PLK2/SBDS/SUN2/TBCE/ZNF207",10
"GO:1903363","GO:1903363","negative regulation of cellular protein catabolic process","8/563","80/17913",0.00360729999841079,0.0486018242688091,0.0409062908669197,"CDK5RAP3/DERL2/HSP90AB1/RPL11/RPL5/TAF9/TRIM39/UBE2G2",8
"GO:1903845","GO:1903845","negative regulation of cellular response to transforming growth factor beta stimulus","8/563","80/17913",0.00360729999841079,0.0486018242688091,0.0409062908669197,"HSPA1A/HSPA5/RPS27A/SIRT1/SMAD2/UBA52/UBB/UBC",8
"GO:0001558","GO:0001558","regulation of cell growth","23/563","396/17913",0.00364549406574507,0.0489322463302214,0.0411843944392922,"ARHGAP4/BCL2/BCL6/CCDC85B/CDK11A/CDK11B/CDKN2AIP/CDKN2D/CRLF3/DDX3X/DERL2/GSK3A/HSPA1A/HSPA1B/IFRD1/ING1/LTBP4/RTN4/SERTAD3/SGK1/SIRT1/TAF9/TSPYL2",23
"GO:0031960","GO:0031960","response to corticosteroid","12/563","155/17913",0.00365473813611347,0.0489322463302214,0.0411843944392922,"ADM/BCL2/DDIT4/DUSP1/EIF4E/ERRFI1/FOS/FOSB/HNRNPU/TNF/ZFP36/ZFP36L1",12
"GO:0043281","GO:0043281","regulation of cysteine-type endopeptidase activity involved in apoptotic process","14/563","196/17913",0.00368992643622689,0.0492489869035158,0.0414509828280094,"ARL6IP1/CDKN2D/CYCS/DDX3X/FNIP1/HERPUD1/IGBP1/PMAIP1/PRR7/RPS3/SIAH2/SIRT1/TNF/TRADD",14
